character_id,asset_type,asset_path,required,review_status
char_u4e2d,image,images/characters/char_u4e2d_main_v1.webp,true,DRAFT
char_u4e2d,character_audio,audio/characters/char_u4e2d_v1.mp3,true,DRAFT
char_u4e2d,meaning_audio,audio/meanings/meaning_char_u4e2d_v1.mp3,true,DRAFT
char_u4e2d,word_audio_1,audio/words/char_u4e2d_1_v1.mp3,true,DRAFT
char_u4e2d,word_audio_2,audio/words/char_u4e2d_2_v1.mp3,true,DRAFT
char_u4e2d,sentence_audio,audio/sentences/char_u4e2d_v1.mp3,true,DRAFT
char_u53f3,image,images/characters/char_u53f3_main_v1.webp,true,DRAFT
char_u53f3,character_audio,audio/characters/char_u53f3_v1.mp3,true,DRAFT
char_u53f3,meaning_audio,audio/meanings/meaning_char_u53f3_v1.mp3,true,DRAFT
char_u53f3,word_audio_1,audio/words/char_u53f3_1_v1.mp3,true,DRAFT
char_u53f3,word_audio_2,audio/words/char_u53f3_2_v1.mp3,true,DRAFT
char_u53f3,sentence_audio,audio/sentences/char_u53f3_v1.mp3,true,DRAFT
char_u5de6,image,images/characters/char_u5de6_main_v1.webp,true,DRAFT
char_u5de6,character_audio,audio/characters/char_u5de6_v1.mp3,true,DRAFT
char_u5de6,meaning_audio,audio/meanings/meaning_char_u5de6_v1.mp3,true,DRAFT
char_u5de6,word_audio_1,audio/words/char_u5de6_1_v1.mp3,true,DRAFT
char_u5de6,word_audio_2,audio/words/char_u5de6_2_v1.mp3,true,DRAFT
char_u5de6,sentence_audio,audio/sentences/char_u5de6_v1.mp3,true,DRAFT
char_u524d,image,images/characters/char_u524d_main_v1.webp,true,DRAFT
char_u524d,character_audio,audio/characters/char_u524d_v1.mp3,true,DRAFT
char_u524d,meaning_audio,audio/meanings/meaning_char_u524d_v1.mp3,true,DRAFT
char_u524d,word_audio_1,audio/words/char_u524d_1_v1.mp3,true,DRAFT
char_u524d,word_audio_2,audio/words/char_u524d_2_v1.mp3,true,DRAFT
char_u524d,sentence_audio,audio/sentences/char_u524d_v1.mp3,true,DRAFT
char_u540e,image,images/characters/char_u540e_main_v1.webp,true,DRAFT
char_u540e,character_audio,audio/characters/char_u540e_v1.mp3,true,DRAFT
char_u540e,meaning_audio,audio/meanings/meaning_char_u540e_v1.mp3,true,DRAFT
char_u540e,word_audio_1,audio/words/char_u540e_1_v1.mp3,true,DRAFT
char_u540e,word_audio_2,audio/words/char_u540e_2_v1.mp3,true,DRAFT
char_u540e,sentence_audio,audio/sentences/char_u540e_v1.mp3,true,DRAFT
char_u91cc,image,images/characters/char_u91cc_main_v1.webp,true,DRAFT
char_u91cc,character_audio,audio/characters/char_u91cc_v1.mp3,true,DRAFT
char_u91cc,meaning_audio,audio/meanings/meaning_char_u91cc_v1.mp3,true,DRAFT
char_u91cc,word_audio_1,audio/words/char_u91cc_1_v1.mp3,true,DRAFT
char_u91cc,word_audio_2,audio/words/char_u91cc_2_v1.mp3,true,DRAFT
char_u91cc,sentence_audio,audio/sentences/char_u91cc_v1.mp3,true,DRAFT
char_u5916,image,images/characters/char_u5916_main_v1.webp,true,DRAFT
char_u5916,character_audio,audio/characters/char_u5916_v1.mp3,true,DRAFT
char_u5916,meaning_audio,audio/meanings/meaning_char_u5916_v1.mp3,true,DRAFT
char_u5916,word_audio_1,audio/words/char_u5916_1_v1.mp3,true,DRAFT
char_u5916,word_audio_2,audio/words/char_u5916_2_v1.mp3,true,DRAFT
char_u5916,sentence_audio,audio/sentences/char_u5916_v1.mp3,true,DRAFT
char_u591a,image,images/characters/char_u591a_main_v1.webp,true,DRAFT
char_u591a,character_audio,audio/characters/char_u591a_v1.mp3,true,DRAFT
char_u591a,meaning_audio,audio/meanings/meaning_char_u591a_v1.mp3,true,DRAFT
char_u591a,word_audio_1,audio/words/char_u591a_1_v1.mp3,true,DRAFT
char_u591a,word_audio_2,audio/words/char_u591a_2_v1.mp3,true,DRAFT
char_u591a,sentence_audio,audio/sentences/char_u591a_v1.mp3,true,DRAFT
char_u5c11,image,images/characters/char_u5c11_main_v1.webp,true,DRAFT
char_u5c11,character_audio,audio/characters/char_u5c11_v1.mp3,true,DRAFT
char_u5c11,meaning_audio,audio/meanings/meaning_char_u5c11_v1.mp3,true,DRAFT
char_u5c11,word_audio_1,audio/words/char_u5c11_1_v1.mp3,true,DRAFT
char_u5c11,word_audio_2,audio/words/char_u5c11_2_v1.mp3,true,DRAFT
char_u5c11,sentence_audio,audio/sentences/char_u5c11_v1.mp3,true,DRAFT
char_u957f,image,images/characters/char_u957f_main_v1.webp,true,DRAFT
char_u957f,character_audio,audio/characters/char_u957f_v1.mp3,true,DRAFT
char_u957f,meaning_audio,audio/meanings/meaning_char_u957f_v1.mp3,true,DRAFT
char_u957f,word_audio_1,audio/words/char_u957f_1_v1.mp3,true,DRAFT
char_u957f,word_audio_2,audio/words/char_u957f_2_v1.mp3,true,DRAFT
char_u957f,sentence_audio,audio/sentences/char_u957f_v1.mp3,true,DRAFT
char_u77ed,image,images/characters/char_u77ed_main_v1.webp,true,DRAFT
char_u77ed,character_audio,audio/characters/char_u77ed_v1.mp3,true,DRAFT
char_u77ed,meaning_audio,audio/meanings/meaning_char_u77ed_v1.mp3,true,DRAFT
char_u77ed,word_audio_1,audio/words/char_u77ed_1_v1.mp3,true,DRAFT
char_u77ed,word_audio_2,audio/words/char_u77ed_2_v1.mp3,true,DRAFT
char_u77ed,sentence_audio,audio/sentences/char_u77ed_v1.mp3,true,DRAFT
char_u9ad8,image,images/characters/char_u9ad8_main_v1.webp,true,DRAFT
char_u9ad8,character_audio,audio/characters/char_u9ad8_v1.mp3,true,DRAFT
char_u9ad8,meaning_audio,audio/meanings/meaning_char_u9ad8_v1.mp3,true,DRAFT
char_u9ad8,word_audio_1,audio/words/char_u9ad8_1_v1.mp3,true,DRAFT
char_u9ad8,word_audio_2,audio/words/char_u9ad8_2_v1.mp3,true,DRAFT
char_u9ad8,sentence_audio,audio/sentences/char_u9ad8_v1.mp3,true,DRAFT
char_u4f4e,image,images/characters/char_u4f4e_main_v1.webp,true,DRAFT
char_u4f4e,character_audio,audio/characters/char_u4f4e_v1.mp3,true,DRAFT
char_u4f4e,meaning_audio,audio/meanings/meaning_char_u4f4e_v1.mp3,true,DRAFT
char_u4f4e,word_audio_1,audio/words/char_u4f4e_1_v1.mp3,true,DRAFT
char_u4f4e,word_audio_2,audio/words/char_u4f4e_2_v1.mp3,true,DRAFT
char_u4f4e,sentence_audio,audio/sentences/char_u4f4e_v1.mp3,true,DRAFT
char_u5feb,image,images/characters/char_u5feb_main_v1.webp,true,DRAFT
char_u5feb,character_audio,audio/characters/char_u5feb_v1.mp3,true,DRAFT
char_u5feb,meaning_audio,audio/meanings/meaning_char_u5feb_v1.mp3,true,DRAFT
char_u5feb,word_audio_1,audio/words/char_u5feb_1_v1.mp3,true,DRAFT
char_u5feb,word_audio_2,audio/words/char_u5feb_2_v1.mp3,true,DRAFT
char_u5feb,sentence_audio,audio/sentences/char_u5feb_v1.mp3,true,DRAFT
char_u6162,image,images/characters/char_u6162_main_v1.webp,true,DRAFT
char_u6162,character_audio,audio/characters/char_u6162_v1.mp3,true,DRAFT
char_u6162,meaning_audio,audio/meanings/meaning_char_u6162_v1.mp3,true,DRAFT
char_u6162,word_audio_1,audio/words/char_u6162_1_v1.mp3,true,DRAFT
char_u6162,word_audio_2,audio/words/char_u6162_2_v1.mp3,true,DRAFT
char_u6162,sentence_audio,audio/sentences/char_u6162_v1.mp3,true,DRAFT
char_u767d,image,images/characters/char_u767d_main_v1.webp,true,DRAFT
char_u767d,character_audio,audio/characters/char_u767d_v1.mp3,true,DRAFT
char_u767d,meaning_audio,audio/meanings/meaning_char_u767d_v1.mp3,true,DRAFT
char_u767d,word_audio_1,audio/words/char_u767d_1_v1.mp3,true,DRAFT
char_u767d,word_audio_2,audio/words/char_u767d_2_v1.mp3,true,DRAFT
char_u767d,sentence_audio,audio/sentences/char_u767d_v1.mp3,true,DRAFT
char_u7ea2,image,images/characters/char_u7ea2_main_v1.webp,true,DRAFT
char_u7ea2,character_audio,audio/characters/char_u7ea2_v1.mp3,true,DRAFT
char_u7ea2,meaning_audio,audio/meanings/meaning_char_u7ea2_v1.mp3,true,DRAFT
char_u7ea2,word_audio_1,audio/words/char_u7ea2_1_v1.mp3,true,DRAFT
char_u7ea2,word_audio_2,audio/words/char_u7ea2_2_v1.mp3,true,DRAFT
char_u7ea2,sentence_audio,audio/sentences/char_u7ea2_v1.mp3,true,DRAFT
char_u9ec4,image,images/characters/char_u9ec4_main_v1.webp,true,DRAFT
char_u9ec4,character_audio,audio/characters/char_u9ec4_v1.mp3,true,DRAFT
char_u9ec4,meaning_audio,audio/meanings/meaning_char_u9ec4_v1.mp3,true,DRAFT
char_u9ec4,word_audio_1,audio/words/char_u9ec4_1_v1.mp3,true,DRAFT
char_u9ec4,word_audio_2,audio/words/char_u9ec4_2_v1.mp3,true,DRAFT
char_u9ec4,sentence_audio,audio/sentences/char_u9ec4_v1.mp3,true,DRAFT
char_u7eff,image,images/characters/char_u7eff_main_v1.webp,true,DRAFT
char_u7eff,character_audio,audio/characters/char_u7eff_v1.mp3,true,DRAFT
char_u7eff,meaning_audio,audio/meanings/meaning_char_u7eff_v1.mp3,true,DRAFT
char_u7eff,word_audio_1,audio/words/char_u7eff_1_v1.mp3,true,DRAFT
char_u7eff,word_audio_2,audio/words/char_u7eff_2_v1.mp3,true,DRAFT
char_u7eff,sentence_audio,audio/sentences/char_u7eff_v1.mp3,true,DRAFT
char_u9ed1,image,images/characters/char_u9ed1_main_v1.webp,true,DRAFT
char_u9ed1,character_audio,audio/characters/char_u9ed1_v1.mp3,true,DRAFT
char_u9ed1,meaning_audio,audio/meanings/meaning_char_u9ed1_v1.mp3,true,DRAFT
char_u9ed1,word_audio_1,audio/words/char_u9ed1_1_v1.mp3,true,DRAFT
char_u9ed1,word_audio_2,audio/words/char_u9ed1_2_v1.mp3,true,DRAFT
char_u9ed1,sentence_audio,audio/sentences/char_u9ed1_v1.mp3,true,DRAFT
char_u661f,image,images/characters/char_u661f_main_v1.webp,true,DRAFT
char_u661f,character_audio,audio/characters/char_u661f_v1.mp3,true,DRAFT
char_u661f,meaning_audio,audio/meanings/meaning_char_u661f_v1.mp3,true,DRAFT
char_u661f,word_audio_1,audio/words/char_u661f_1_v1.mp3,true,DRAFT
char_u661f,word_audio_2,audio/words/char_u661f_2_v1.mp3,true,DRAFT
char_u661f,sentence_audio,audio/sentences/char_u661f_v1.mp3,true,DRAFT
char_u5149,image,images/characters/char_u5149_main_v1.webp,true,DRAFT
char_u5149,character_audio,audio/characters/char_u5149_v1.mp3,true,DRAFT
char_u5149,meaning_audio,audio/meanings/meaning_char_u5149_v1.mp3,true,DRAFT
char_u5149,word_audio_1,audio/words/char_u5149_1_v1.mp3,true,DRAFT
char_u5149,word_audio_2,audio/words/char_u5149_2_v1.mp3,true,DRAFT
char_u5149,sentence_audio,audio/sentences/char_u5149_v1.mp3,true,DRAFT
char_u5730,image,images/characters/char_u5730_main_v1.webp,true,DRAFT
char_u5730,character_audio,audio/characters/char_u5730_v1.mp3,true,DRAFT
char_u5730,meaning_audio,audio/meanings/meaning_char_u5730_v1.mp3,true,DRAFT
char_u5730,word_audio_1,audio/words/char_u5730_1_v1.mp3,true,DRAFT
char_u5730,word_audio_2,audio/words/char_u5730_2_v1.mp3,true,DRAFT
char_u5730,sentence_audio,audio/sentences/char_u5730_v1.mp3,true,DRAFT
char_u571f,image,images/characters/char_u571f_main_v1.webp,true,DRAFT
char_u571f,character_audio,audio/characters/char_u571f_v1.mp3,true,DRAFT
char_u571f,meaning_audio,audio/meanings/meaning_char_u571f_v1.mp3,true,DRAFT
char_u571f,word_audio_1,audio/words/char_u571f_1_v1.mp3,true,DRAFT
char_u571f,word_audio_2,audio/words/char_u571f_2_v1.mp3,true,DRAFT
char_u571f,sentence_audio,audio/sentences/char_u571f_v1.mp3,true,DRAFT
char_u77f3,image,images/characters/char_u77f3_main_v1.webp,true,DRAFT
char_u77f3,character_audio,audio/characters/char_u77f3_v1.mp3,true,DRAFT
char_u77f3,meaning_audio,audio/meanings/meaning_char_u77f3_v1.mp3,true,DRAFT
char_u77f3,word_audio_1,audio/words/char_u77f3_1_v1.mp3,true,DRAFT
char_u77f3,word_audio_2,audio/words/char_u77f3_2_v1.mp3,true,DRAFT
char_u77f3,sentence_audio,audio/sentences/char_u77f3_v1.mp3,true,DRAFT
char_u7530,image,images/characters/char_u7530_main_v1.webp,true,DRAFT
char_u7530,character_audio,audio/characters/char_u7530_v1.mp3,true,DRAFT
char_u7530,meaning_audio,audio/meanings/meaning_char_u7530_v1.mp3,true,DRAFT
char_u7530,word_audio_1,audio/words/char_u7530_1_v1.mp3,true,DRAFT
char_u7530,word_audio_2,audio/words/char_u7530_2_v1.mp3,true,DRAFT
char_u7530,sentence_audio,audio/sentences/char_u7530_v1.mp3,true,DRAFT
char_u8349,image,images/characters/char_u8349_main_v1.webp,true,DRAFT
char_u8349,character_audio,audio/characters/char_u8349_v1.mp3,true,DRAFT
char_u8349,meaning_audio,audio/meanings/meaning_char_u8349_v1.mp3,true,DRAFT
char_u8349,word_audio_1,audio/words/char_u8349_1_v1.mp3,true,DRAFT
char_u8349,word_audio_2,audio/words/char_u8349_2_v1.mp3,true,DRAFT
char_u8349,sentence_audio,audio/sentences/char_u8349_v1.mp3,true,DRAFT
char_u6811,image,images/characters/char_u6811_main_v1.webp,true,DRAFT
char_u6811,character_audio,audio/characters/char_u6811_v1.mp3,true,DRAFT
char_u6811,meaning_audio,audio/meanings/meaning_char_u6811_v1.mp3,true,DRAFT
char_u6811,word_audio_1,audio/words/char_u6811_1_v1.mp3,true,DRAFT
char_u6811,word_audio_2,audio/words/char_u6811_2_v1.mp3,true,DRAFT
char_u6811,sentence_audio,audio/sentences/char_u6811_v1.mp3,true,DRAFT
char_u679c,image,images/characters/char_u679c_main_v1.webp,true,DRAFT
char_u679c,character_audio,audio/characters/char_u679c_v1.mp3,true,DRAFT
char_u679c,meaning_audio,audio/meanings/meaning_char_u679c_v1.mp3,true,DRAFT
char_u679c,word_audio_1,audio/words/char_u679c_1_v1.mp3,true,DRAFT
char_u679c,word_audio_2,audio/words/char_u679c_2_v1.mp3,true,DRAFT
char_u679c,sentence_audio,audio/sentences/char_u679c_v1.mp3,true,DRAFT
char_u6625,image,images/characters/char_u6625_main_v1.webp,true,DRAFT
char_u6625,character_audio,audio/characters/char_u6625_v1.mp3,true,DRAFT
char_u6625,meaning_audio,audio/meanings/meaning_char_u6625_v1.mp3,true,DRAFT
char_u6625,word_audio_1,audio/words/char_u6625_1_v1.mp3,true,DRAFT
char_u6625,word_audio_2,audio/words/char_u6625_2_v1.mp3,true,DRAFT
char_u6625,sentence_audio,audio/sentences/char_u6625_v1.mp3,true,DRAFT
char_u590f,image,images/characters/char_u590f_main_v1.webp,true,DRAFT
char_u590f,character_audio,audio/characters/char_u590f_v1.mp3,true,DRAFT
char_u590f,meaning_audio,audio/meanings/meaning_char_u590f_v1.mp3,true,DRAFT
char_u590f,word_audio_1,audio/words/char_u590f_1_v1.mp3,true,DRAFT
char_u590f,word_audio_2,audio/words/char_u590f_2_v1.mp3,true,DRAFT
char_u590f,sentence_audio,audio/sentences/char_u590f_v1.mp3,true,DRAFT
char_u79cb,image,images/characters/char_u79cb_main_v1.webp,true,DRAFT
char_u79cb,character_audio,audio/characters/char_u79cb_v1.mp3,true,DRAFT
char_u79cb,meaning_audio,audio/meanings/meaning_char_u79cb_v1.mp3,true,DRAFT
char_u79cb,word_audio_1,audio/words/char_u79cb_1_v1.mp3,true,DRAFT
char_u79cb,word_audio_2,audio/words/char_u79cb_2_v1.mp3,true,DRAFT
char_u79cb,sentence_audio,audio/sentences/char_u79cb_v1.mp3,true,DRAFT
char_u51ac,image,images/characters/char_u51ac_main_v1.webp,true,DRAFT
char_u51ac,character_audio,audio/characters/char_u51ac_v1.mp3,true,DRAFT
char_u51ac,meaning_audio,audio/meanings/meaning_char_u51ac_v1.mp3,true,DRAFT
char_u51ac,word_audio_1,audio/words/char_u51ac_1_v1.mp3,true,DRAFT
char_u51ac,word_audio_2,audio/words/char_u51ac_2_v1.mp3,true,DRAFT
char_u51ac,sentence_audio,audio/sentences/char_u51ac_v1.mp3,true,DRAFT
char_u65e9,image,images/characters/char_u65e9_main_v1.webp,true,DRAFT
char_u65e9,character_audio,audio/characters/char_u65e9_v1.mp3,true,DRAFT
char_u65e9,meaning_audio,audio/meanings/meaning_char_u65e9_v1.mp3,true,DRAFT
char_u65e9,word_audio_1,audio/words/char_u65e9_1_v1.mp3,true,DRAFT
char_u65e9,word_audio_2,audio/words/char_u65e9_2_v1.mp3,true,DRAFT
char_u65e9,sentence_audio,audio/sentences/char_u65e9_v1.mp3,true,DRAFT
char_u665a,image,images/characters/char_u665a_main_v1.webp,true,DRAFT
char_u665a,character_audio,audio/characters/char_u665a_v1.mp3,true,DRAFT
char_u665a,meaning_audio,audio/meanings/meaning_char_u665a_v1.mp3,true,DRAFT
char_u665a,word_audio_1,audio/words/char_u665a_1_v1.mp3,true,DRAFT
char_u665a,word_audio_2,audio/words/char_u665a_2_v1.mp3,true,DRAFT
char_u665a,sentence_audio,audio/sentences/char_u665a_v1.mp3,true,DRAFT
char_u5148,image,images/characters/char_u5148_main_v1.webp,true,DRAFT
char_u5148,character_audio,audio/characters/char_u5148_v1.mp3,true,DRAFT
char_u5148,meaning_audio,audio/meanings/meaning_char_u5148_v1.mp3,true,DRAFT
char_u5148,word_audio_1,audio/words/char_u5148_1_v1.mp3,true,DRAFT
char_u5148,word_audio_2,audio/words/char_u5148_2_v1.mp3,true,DRAFT
char_u5148,sentence_audio,audio/sentences/char_u5148_v1.mp3,true,DRAFT
char_u65b0,image,images/characters/char_u65b0_main_v1.webp,true,DRAFT
char_u65b0,character_audio,audio/characters/char_u65b0_v1.mp3,true,DRAFT
char_u65b0,meaning_audio,audio/meanings/meaning_char_u65b0_v1.mp3,true,DRAFT
char_u65b0,word_audio_1,audio/words/char_u65b0_1_v1.mp3,true,DRAFT
char_u65b0,word_audio_2,audio/words/char_u65b0_2_v1.mp3,true,DRAFT
char_u65b0,sentence_audio,audio/sentences/char_u65b0_v1.mp3,true,DRAFT
char_u8001,image,images/characters/char_u8001_main_v1.webp,true,DRAFT
char_u8001,character_audio,audio/characters/char_u8001_v1.mp3,true,DRAFT
char_u8001,meaning_audio,audio/meanings/meaning_char_u8001_v1.mp3,true,DRAFT
char_u8001,word_audio_1,audio/words/char_u8001_1_v1.mp3,true,DRAFT
char_u8001,word_audio_2,audio/words/char_u8001_2_v1.mp3,true,DRAFT
char_u8001,sentence_audio,audio/sentences/char_u8001_v1.mp3,true,DRAFT
char_u597d,image,images/characters/char_u597d_main_v1.webp,true,DRAFT
char_u597d,character_audio,audio/characters/char_u597d_v1.mp3,true,DRAFT
char_u597d,meaning_audio,audio/meanings/meaning_char_u597d_v1.mp3,true,DRAFT
char_u597d,word_audio_1,audio/words/char_u597d_1_v1.mp3,true,DRAFT
char_u597d,word_audio_2,audio/words/char_u597d_2_v1.mp3,true,DRAFT
char_u597d,sentence_audio,audio/sentences/char_u597d_v1.mp3,true,DRAFT
char_u6709,image,images/characters/char_u6709_main_v1.webp,true,DRAFT
char_u6709,character_audio,audio/characters/char_u6709_v1.mp3,true,DRAFT
char_u6709,meaning_audio,audio/meanings/meaning_char_u6709_v1.mp3,true,DRAFT
char_u6709,word_audio_1,audio/words/char_u6709_1_v1.mp3,true,DRAFT
char_u6709,word_audio_2,audio/words/char_u6709_2_v1.mp3,true,DRAFT
char_u6709,sentence_audio,audio/sentences/char_u6709_v1.mp3,true,DRAFT
char_u65e0,image,images/characters/char_u65e0_main_v1.webp,true,DRAFT
char_u65e0,character_audio,audio/characters/char_u65e0_v1.mp3,true,DRAFT
char_u65e0,meaning_audio,audio/meanings/meaning_char_u65e0_v1.mp3,true,DRAFT
char_u65e0,word_audio_1,audio/words/char_u65e0_1_v1.mp3,true,DRAFT
char_u65e0,word_audio_2,audio/words/char_u65e0_2_v1.mp3,true,DRAFT
char_u65e0,sentence_audio,audio/sentences/char_u65e0_v1.mp3,true,DRAFT
char_u662f,image,images/characters/char_u662f_main_v1.webp,true,DRAFT
char_u662f,character_audio,audio/characters/char_u662f_v1.mp3,true,DRAFT
char_u662f,meaning_audio,audio/meanings/meaning_char_u662f_v1.mp3,true,DRAFT
char_u662f,word_audio_1,audio/words/char_u662f_1_v1.mp3,true,DRAFT
char_u662f,word_audio_2,audio/words/char_u662f_2_v1.mp3,true,DRAFT
char_u662f,sentence_audio,audio/sentences/char_u662f_v1.mp3,true,DRAFT
char_u4e0d,image,images/characters/char_u4e0d_main_v1.webp,true,DRAFT
char_u4e0d,character_audio,audio/characters/char_u4e0d_v1.mp3,true,DRAFT
char_u4e0d,meaning_audio,audio/meanings/meaning_char_u4e0d_v1.mp3,true,DRAFT
char_u4e0d,word_audio_1,audio/words/char_u4e0d_1_v1.mp3,true,DRAFT
char_u4e0d,word_audio_2,audio/words/char_u4e0d_2_v1.mp3,true,DRAFT
char_u4e0d,sentence_audio,audio/sentences/char_u4e0d_v1.mp3,true,DRAFT
char_u4f1a,image,images/characters/char_u4f1a_main_v1.webp,true,DRAFT
char_u4f1a,character_audio,audio/characters/char_u4f1a_v1.mp3,true,DRAFT
char_u4f1a,meaning_audio,audio/meanings/meaning_char_u4f1a_v1.mp3,true,DRAFT
char_u4f1a,word_audio_1,audio/words/char_u4f1a_1_v1.mp3,true,DRAFT
char_u4f1a,word_audio_2,audio/words/char_u4f1a_2_v1.mp3,true,DRAFT
char_u4f1a,sentence_audio,audio/sentences/char_u4f1a_v1.mp3,true,DRAFT
char_u89c1,image,images/characters/char_u89c1_main_v1.webp,true,DRAFT
char_u89c1,character_audio,audio/characters/char_u89c1_v1.mp3,true,DRAFT
char_u89c1,meaning_audio,audio/meanings/meaning_char_u89c1_v1.mp3,true,DRAFT
char_u89c1,word_audio_1,audio/words/char_u89c1_1_v1.mp3,true,DRAFT
char_u89c1,word_audio_2,audio/words/char_u89c1_2_v1.mp3,true,DRAFT
char_u89c1,sentence_audio,audio/sentences/char_u89c1_v1.mp3,true,DRAFT
char_u8bf4,image,images/characters/char_u8bf4_main_v1.webp,true,DRAFT
char_u8bf4,character_audio,audio/characters/char_u8bf4_v1.mp3,true,DRAFT
char_u8bf4,meaning_audio,audio/meanings/meaning_char_u8bf4_v1.mp3,true,DRAFT
char_u8bf4,word_audio_1,audio/words/char_u8bf4_1_v1.mp3,true,DRAFT
char_u8bf4,word_audio_2,audio/words/char_u8bf4_2_v1.mp3,true,DRAFT
char_u8bf4,sentence_audio,audio/sentences/char_u8bf4_v1.mp3,true,DRAFT
char_u8bdd,image,images/characters/char_u8bdd_main_v1.webp,true,DRAFT
char_u8bdd,character_audio,audio/characters/char_u8bdd_v1.mp3,true,DRAFT
char_u8bdd,meaning_audio,audio/meanings/meaning_char_u8bdd_v1.mp3,true,DRAFT
char_u8bdd,word_audio_1,audio/words/char_u8bdd_1_v1.mp3,true,DRAFT
char_u8bdd,word_audio_2,audio/words/char_u8bdd_2_v1.mp3,true,DRAFT
char_u8bdd,sentence_audio,audio/sentences/char_u8bdd_v1.mp3,true,DRAFT
char_u559d,image,images/characters/char_u559d_main_v1.webp,true,DRAFT
char_u559d,character_audio,audio/characters/char_u559d_v1.mp3,true,DRAFT
char_u559d,meaning_audio,audio/meanings/meaning_char_u559d_v1.mp3,true,DRAFT
char_u559d,word_audio_1,audio/words/char_u559d_1_v1.mp3,true,DRAFT
char_u559d,word_audio_2,audio/words/char_u559d_2_v1.mp3,true,DRAFT
char_u559d,sentence_audio,audio/sentences/char_u559d_v1.mp3,true,DRAFT
char_u7f8e,image,images/characters/char_u7f8e_main_v1.webp,true,DRAFT
char_u7f8e,character_audio,audio/characters/char_u7f8e_v1.mp3,true,DRAFT
char_u7f8e,meaning_audio,audio/meanings/meaning_char_u7f8e_v1.mp3,true,DRAFT
char_u7f8e,word_audio_1,audio/words/char_u7f8e_1_v1.mp3,true,DRAFT
char_u7f8e,word_audio_2,audio/words/char_u7f8e_2_v1.mp3,true,DRAFT
char_u7f8e,sentence_audio,audio/sentences/char_u7f8e_v1.mp3,true,DRAFT
char_u7b11,image,images/characters/char_u7b11_main_v1.webp,true,DRAFT
char_u7b11,character_audio,audio/characters/char_u7b11_v1.mp3,true,DRAFT
char_u7b11,meaning_audio,audio/meanings/meaning_char_u7b11_v1.mp3,true,DRAFT
char_u7b11,word_audio_1,audio/words/char_u7b11_1_v1.mp3,true,DRAFT
char_u7b11,word_audio_2,audio/words/char_u7b11_2_v1.mp3,true,DRAFT
char_u7b11,sentence_audio,audio/sentences/char_u7b11_v1.mp3,true,DRAFT
char_u6211,image,images/characters/char_u6211_main_v1.webp,true,DRAFT
char_u6211,character_audio,audio/characters/char_u6211_v1.mp3,true,DRAFT
char_u6211,meaning_audio,audio/meanings/meaning_char_u6211_v1.mp3,true,DRAFT
char_u6211,word_audio_1,audio/words/char_u6211_1_v1.mp3,true,DRAFT
char_u6211,word_audio_2,audio/words/char_u6211_2_v1.mp3,true,DRAFT
char_u6211,sentence_audio,audio/sentences/char_u6211_v1.mp3,true,DRAFT
char_u4f60,image,images/characters/char_u4f60_main_v1.webp,true,DRAFT
char_u4f60,character_audio,audio/characters/char_u4f60_v1.mp3,true,DRAFT
char_u4f60,meaning_audio,audio/meanings/meaning_char_u4f60_v1.mp3,true,DRAFT
char_u4f60,word_audio_1,audio/words/char_u4f60_1_v1.mp3,true,DRAFT
char_u4f60,word_audio_2,audio/words/char_u4f60_2_v1.mp3,true,DRAFT
char_u4f60,sentence_audio,audio/sentences/char_u4f60_v1.mp3,true,DRAFT
char_u4ed6,image,images/characters/char_u4ed6_main_v1.webp,true,DRAFT
char_u4ed6,character_audio,audio/characters/char_u4ed6_v1.mp3,true,DRAFT
char_u4ed6,meaning_audio,audio/meanings/meaning_char_u4ed6_v1.mp3,true,DRAFT
char_u4ed6,word_audio_1,audio/words/char_u4ed6_1_v1.mp3,true,DRAFT
char_u4ed6,word_audio_2,audio/words/char_u4ed6_2_v1.mp3,true,DRAFT
char_u4ed6,sentence_audio,audio/sentences/char_u4ed6_v1.mp3,true,DRAFT
char_u5979,image,images/characters/char_u5979_main_v1.webp,true,DRAFT
char_u5979,character_audio,audio/characters/char_u5979_v1.mp3,true,DRAFT
char_u5979,meaning_audio,audio/meanings/meaning_char_u5979_v1.mp3,true,DRAFT
char_u5979,word_audio_1,audio/words/char_u5979_1_v1.mp3,true,DRAFT
char_u5979,word_audio_2,audio/words/char_u5979_2_v1.mp3,true,DRAFT
char_u5979,sentence_audio,audio/sentences/char_u5979_v1.mp3,true,DRAFT
char_u5b83,image,images/characters/char_u5b83_main_v1.webp,true,DRAFT
char_u5b83,character_audio,audio/characters/char_u5b83_v1.mp3,true,DRAFT
char_u5b83,meaning_audio,audio/meanings/meaning_char_u5b83_v1.mp3,true,DRAFT
char_u5b83,word_audio_1,audio/words/char_u5b83_1_v1.mp3,true,DRAFT
char_u5b83,word_audio_2,audio/words/char_u5b83_2_v1.mp3,true,DRAFT
char_u5b83,sentence_audio,audio/sentences/char_u5b83_v1.mp3,true,DRAFT
char_u7231,image,images/characters/char_u7231_main_v1.webp,true,DRAFT
char_u7231,character_audio,audio/characters/char_u7231_v1.mp3,true,DRAFT
char_u7231,meaning_audio,audio/meanings/meaning_char_u7231_v1.mp3,true,DRAFT
char_u7231,word_audio_1,audio/words/char_u7231_1_v1.mp3,true,DRAFT
char_u7231,word_audio_2,audio/words/char_u7231_2_v1.mp3,true,DRAFT
char_u7231,sentence_audio,audio/sentences/char_u7231_v1.mp3,true,DRAFT
char_u53cb,image,images/characters/char_u53cb_main_v1.webp,true,DRAFT
char_u53cb,character_audio,audio/characters/char_u53cb_v1.mp3,true,DRAFT
char_u53cb,meaning_audio,audio/meanings/meaning_char_u53cb_v1.mp3,true,DRAFT
char_u53cb,word_audio_1,audio/words/char_u53cb_1_v1.mp3,true,DRAFT
char_u53cb,word_audio_2,audio/words/char_u53cb_2_v1.mp3,true,DRAFT
char_u53cb,sentence_audio,audio/sentences/char_u53cb_v1.mp3,true,DRAFT
char_u540c,image,images/characters/char_u540c_main_v1.webp,true,DRAFT
char_u540c,character_audio,audio/characters/char_u540c_v1.mp3,true,DRAFT
char_u540c,meaning_audio,audio/meanings/meaning_char_u540c_v1.mp3,true,DRAFT
char_u540c,word_audio_1,audio/words/char_u540c_1_v1.mp3,true,DRAFT
char_u540c,word_audio_2,audio/words/char_u540c_2_v1.mp3,true,DRAFT
char_u540c,sentence_audio,audio/sentences/char_u540c_v1.mp3,true,DRAFT
char_u5b66,image,images/characters/char_u5b66_main_v1.webp,true,DRAFT
char_u5b66,character_audio,audio/characters/char_u5b66_v1.mp3,true,DRAFT
char_u5b66,meaning_audio,audio/meanings/meaning_char_u5b66_v1.mp3,true,DRAFT
char_u5b66,word_audio_1,audio/words/char_u5b66_1_v1.mp3,true,DRAFT
char_u5b66,word_audio_2,audio/words/char_u5b66_2_v1.mp3,true,DRAFT
char_u5b66,sentence_audio,audio/sentences/char_u5b66_v1.mp3,true,DRAFT
char_u6821,image,images/characters/char_u6821_main_v1.webp,true,DRAFT
char_u6821,character_audio,audio/characters/char_u6821_v1.mp3,true,DRAFT
char_u6821,meaning_audio,audio/meanings/meaning_char_u6821_v1.mp3,true,DRAFT
char_u6821,word_audio_1,audio/words/char_u6821_1_v1.mp3,true,DRAFT
char_u6821,word_audio_2,audio/words/char_u6821_2_v1.mp3,true,DRAFT
char_u6821,sentence_audio,audio/sentences/char_u6821_v1.mp3,true,DRAFT
char_u5e08,image,images/characters/char_u5e08_main_v1.webp,true,DRAFT
char_u5e08,character_audio,audio/characters/char_u5e08_v1.mp3,true,DRAFT
char_u5e08,meaning_audio,audio/meanings/meaning_char_u5e08_v1.mp3,true,DRAFT
char_u5e08,word_audio_1,audio/words/char_u5e08_1_v1.mp3,true,DRAFT
char_u5e08,word_audio_2,audio/words/char_u5e08_2_v1.mp3,true,DRAFT
char_u5e08,sentence_audio,audio/sentences/char_u5e08_v1.mp3,true,DRAFT
char_u751f,image,images/characters/char_u751f_main_v1.webp,true,DRAFT
char_u751f,character_audio,audio/characters/char_u751f_v1.mp3,true,DRAFT
char_u751f,meaning_audio,audio/meanings/meaning_char_u751f_v1.mp3,true,DRAFT
char_u751f,word_audio_1,audio/words/char_u751f_1_v1.mp3,true,DRAFT
char_u751f,word_audio_2,audio/words/char_u751f_2_v1.mp3,true,DRAFT
char_u751f,sentence_audio,audio/sentences/char_u751f_v1.mp3,true,DRAFT
char_u5b57,image,images/characters/char_u5b57_main_v1.webp,true,DRAFT
char_u5b57,character_audio,audio/characters/char_u5b57_v1.mp3,true,DRAFT
char_u5b57,meaning_audio,audio/meanings/meaning_char_u5b57_v1.mp3,true,DRAFT
char_u5b57,word_audio_1,audio/words/char_u5b57_1_v1.mp3,true,DRAFT
char_u5b57,word_audio_2,audio/words/char_u5b57_2_v1.mp3,true,DRAFT
char_u5b57,sentence_audio,audio/sentences/char_u5b57_v1.mp3,true,DRAFT
char_u6587,image,images/characters/char_u6587_main_v1.webp,true,DRAFT
char_u6587,character_audio,audio/characters/char_u6587_v1.mp3,true,DRAFT
char_u6587,meaning_audio,audio/meanings/meaning_char_u6587_v1.mp3,true,DRAFT
char_u6587,word_audio_1,audio/words/char_u6587_1_v1.mp3,true,DRAFT
char_u6587,word_audio_2,audio/words/char_u6587_2_v1.mp3,true,DRAFT
char_u6587,sentence_audio,audio/sentences/char_u6587_v1.mp3,true,DRAFT
char_u753b,image,images/characters/char_u753b_main_v1.webp,true,DRAFT
char_u753b,character_audio,audio/characters/char_u753b_v1.mp3,true,DRAFT
char_u753b,meaning_audio,audio/meanings/meaning_char_u753b_v1.mp3,true,DRAFT
char_u753b,word_audio_1,audio/words/char_u753b_1_v1.mp3,true,DRAFT
char_u753b,word_audio_2,audio/words/char_u753b_2_v1.mp3,true,DRAFT
char_u753b,sentence_audio,audio/sentences/char_u753b_v1.mp3,true,DRAFT
char_u8bfb,image,images/characters/char_u8bfb_main_v1.webp,true,DRAFT
char_u8bfb,character_audio,audio/characters/char_u8bfb_v1.mp3,true,DRAFT
char_u8bfb,meaning_audio,audio/meanings/meaning_char_u8bfb_v1.mp3,true,DRAFT
char_u8bfb,word_audio_1,audio/words/char_u8bfb_1_v1.mp3,true,DRAFT
char_u8bfb,word_audio_2,audio/words/char_u8bfb_2_v1.mp3,true,DRAFT
char_u8bfb,sentence_audio,audio/sentences/char_u8bfb_v1.mp3,true,DRAFT
char_u5199,image,images/characters/char_u5199_main_v1.webp,true,DRAFT
char_u5199,character_audio,audio/characters/char_u5199_v1.mp3,true,DRAFT
char_u5199,meaning_audio,audio/meanings/meaning_char_u5199_v1.mp3,true,DRAFT
char_u5199,word_audio_1,audio/words/char_u5199_1_v1.mp3,true,DRAFT
char_u5199,word_audio_2,audio/words/char_u5199_2_v1.mp3,true,DRAFT
char_u5199,sentence_audio,audio/sentences/char_u5199_v1.mp3,true,DRAFT
char_u8ba4,image,images/characters/char_u8ba4_main_v1.webp,true,DRAFT
char_u8ba4,character_audio,audio/characters/char_u8ba4_v1.mp3,true,DRAFT
char_u8ba4,meaning_audio,audio/meanings/meaning_char_u8ba4_v1.mp3,true,DRAFT
char_u8ba4,word_audio_1,audio/words/char_u8ba4_1_v1.mp3,true,DRAFT
char_u8ba4,word_audio_2,audio/words/char_u8ba4_2_v1.mp3,true,DRAFT
char_u8ba4,sentence_audio,audio/sentences/char_u8ba4_v1.mp3,true,DRAFT
char_u77e5,image,images/characters/char_u77e5_main_v1.webp,true,DRAFT
char_u77e5,character_audio,audio/characters/char_u77e5_v1.mp3,true,DRAFT
char_u77e5,meaning_audio,audio/meanings/meaning_char_u77e5_v1.mp3,true,DRAFT
char_u77e5,word_audio_1,audio/words/char_u77e5_1_v1.mp3,true,DRAFT
char_u77e5,word_audio_2,audio/words/char_u77e5_2_v1.mp3,true,DRAFT
char_u77e5,sentence_audio,audio/sentences/char_u77e5_v1.mp3,true,DRAFT
char_u60f3,image,images/characters/char_u60f3_main_v1.webp,true,DRAFT
char_u60f3,character_audio,audio/characters/char_u60f3_v1.mp3,true,DRAFT
char_u60f3,meaning_audio,audio/meanings/meaning_char_u60f3_v1.mp3,true,DRAFT
char_u60f3,word_audio_1,audio/words/char_u60f3_1_v1.mp3,true,DRAFT
char_u60f3,word_audio_2,audio/words/char_u60f3_2_v1.mp3,true,DRAFT
char_u60f3,sentence_audio,audio/sentences/char_u60f3_v1.mp3,true,DRAFT
char_u8981,image,images/characters/char_u8981_main_v1.webp,true,DRAFT
char_u8981,character_audio,audio/characters/char_u8981_v1.mp3,true,DRAFT
char_u8981,meaning_audio,audio/meanings/meaning_char_u8981_v1.mp3,true,DRAFT
char_u8981,word_audio_1,audio/words/char_u8981_1_v1.mp3,true,DRAFT
char_u8981,word_audio_2,audio/words/char_u8981_2_v1.mp3,true,DRAFT
char_u8981,sentence_audio,audio/sentences/char_u8981_v1.mp3,true,DRAFT
char_u7ed9,image,images/characters/char_u7ed9_main_v1.webp,true,DRAFT
char_u7ed9,character_audio,audio/characters/char_u7ed9_v1.mp3,true,DRAFT
char_u7ed9,meaning_audio,audio/meanings/meaning_char_u7ed9_v1.mp3,true,DRAFT
char_u7ed9,word_audio_1,audio/words/char_u7ed9_1_v1.mp3,true,DRAFT
char_u7ed9,word_audio_2,audio/words/char_u7ed9_2_v1.mp3,true,DRAFT
char_u7ed9,sentence_audio,audio/sentences/char_u7ed9_v1.mp3,true,DRAFT
char_u548c,image,images/characters/char_u548c_main_v1.webp,true,DRAFT
char_u548c,character_audio,audio/characters/char_u548c_v1.mp3,true,DRAFT
char_u548c,meaning_audio,audio/meanings/meaning_char_u548c_v1.mp3,true,DRAFT
char_u548c,word_audio_1,audio/words/char_u548c_1_v1.mp3,true,DRAFT
char_u548c,word_audio_2,audio/words/char_u548c_2_v1.mp3,true,DRAFT
char_u548c,sentence_audio,audio/sentences/char_u548c_v1.mp3,true,DRAFT
char_u5728,image,images/characters/char_u5728_main_v1.webp,true,DRAFT
char_u5728,character_audio,audio/characters/char_u5728_v1.mp3,true,DRAFT
char_u5728,meaning_audio,audio/meanings/meaning_char_u5728_v1.mp3,true,DRAFT
char_u5728,word_audio_1,audio/words/char_u5728_1_v1.mp3,true,DRAFT
char_u5728,word_audio_2,audio/words/char_u5728_2_v1.mp3,true,DRAFT
char_u5728,sentence_audio,audio/sentences/char_u5728_v1.mp3,true,DRAFT
char_u8fd9,image,images/characters/char_u8fd9_main_v1.webp,true,DRAFT
char_u8fd9,character_audio,audio/characters/char_u8fd9_v1.mp3,true,DRAFT
char_u8fd9,meaning_audio,audio/meanings/meaning_char_u8fd9_v1.mp3,true,DRAFT
char_u8fd9,word_audio_1,audio/words/char_u8fd9_1_v1.mp3,true,DRAFT
char_u8fd9,word_audio_2,audio/words/char_u8fd9_2_v1.mp3,true,DRAFT
char_u8fd9,sentence_audio,audio/sentences/char_u8fd9_v1.mp3,true,DRAFT
char_u90a3,image,images/characters/char_u90a3_main_v1.webp,true,DRAFT
char_u90a3,character_audio,audio/characters/char_u90a3_v1.mp3,true,DRAFT
char_u90a3,meaning_audio,audio/meanings/meaning_char_u90a3_v1.mp3,true,DRAFT
char_u90a3,word_audio_1,audio/words/char_u90a3_1_v1.mp3,true,DRAFT
char_u90a3,word_audio_2,audio/words/char_u90a3_2_v1.mp3,true,DRAFT
char_u90a3,sentence_audio,audio/sentences/char_u90a3_v1.mp3,true,DRAFT
char_u54ea,image,images/characters/char_u54ea_main_v1.webp,true,DRAFT
char_u54ea,character_audio,audio/characters/char_u54ea_v1.mp3,true,DRAFT
char_u54ea,meaning_audio,audio/meanings/meaning_char_u54ea_v1.mp3,true,DRAFT
char_u54ea,word_audio_1,audio/words/char_u54ea_1_v1.mp3,true,DRAFT
char_u54ea,word_audio_2,audio/words/char_u54ea_2_v1.mp3,true,DRAFT
char_u54ea,sentence_audio,audio/sentences/char_u54ea_v1.mp3,true,DRAFT
char_u8c01,image,images/characters/char_u8c01_main_v1.webp,true,DRAFT
char_u8c01,character_audio,audio/characters/char_u8c01_v1.mp3,true,DRAFT
char_u8c01,meaning_audio,audio/meanings/meaning_char_u8c01_v1.mp3,true,DRAFT
char_u8c01,word_audio_1,audio/words/char_u8c01_1_v1.mp3,true,DRAFT
char_u8c01,word_audio_2,audio/words/char_u8c01_2_v1.mp3,true,DRAFT
char_u8c01,sentence_audio,audio/sentences/char_u8c01_v1.mp3,true,DRAFT
char_u4ec0,image,images/characters/char_u4ec0_main_v1.webp,true,DRAFT
char_u4ec0,character_audio,audio/characters/char_u4ec0_v1.mp3,true,DRAFT
char_u4ec0,meaning_audio,audio/meanings/meaning_char_u4ec0_v1.mp3,true,DRAFT
char_u4ec0,word_audio_1,audio/words/char_u4ec0_1_v1.mp3,true,DRAFT
char_u4ec0,word_audio_2,audio/words/char_u4ec0_2_v1.mp3,true,DRAFT
char_u4ec0,sentence_audio,audio/sentences/char_u4ec0_v1.mp3,true,DRAFT
char_u4e48,image,images/characters/char_u4e48_main_v1.webp,true,DRAFT
char_u4e48,character_audio,audio/characters/char_u4e48_v1.mp3,true,DRAFT
char_u4e48,meaning_audio,audio/meanings/meaning_char_u4e48_v1.mp3,true,DRAFT
char_u4e48,word_audio_1,audio/words/char_u4e48_1_v1.mp3,true,DRAFT
char_u4e48,word_audio_2,audio/words/char_u4e48_2_v1.mp3,true,DRAFT
char_u4e48,sentence_audio,audio/sentences/char_u4e48_v1.mp3,true,DRAFT
char_u4e00,image,images/characters/char_u4e00_main_v1.webp,true,DRAFT
char_u4e00,character_audio,audio/characters/char_u4e00_v1.mp3,true,DRAFT
char_u4e00,meaning_audio,audio/meanings/meaning_char_u4e00_v1.mp3,true,DRAFT
char_u4e00,word_audio_1,audio/words/char_u4e00_1_v1.mp3,true,DRAFT
char_u4e00,word_audio_2,audio/words/char_u4e00_2_v1.mp3,true,DRAFT
char_u4e00,sentence_audio,audio/sentences/char_u4e00_v1.mp3,true,DRAFT
char_u4e8c,image,images/characters/char_u4e8c_main_v1.webp,true,DRAFT
char_u4e8c,character_audio,audio/characters/char_u4e8c_v1.mp3,true,DRAFT
char_u4e8c,meaning_audio,audio/meanings/meaning_char_u4e8c_v1.mp3,true,DRAFT
char_u4e8c,word_audio_1,audio/words/char_u4e8c_1_v1.mp3,true,DRAFT
char_u4e8c,word_audio_2,audio/words/char_u4e8c_2_v1.mp3,true,DRAFT
char_u4e8c,sentence_audio,audio/sentences/char_u4e8c_v1.mp3,true,DRAFT
char_u4e09,image,images/characters/char_u4e09_main_v1.webp,true,DRAFT
char_u4e09,character_audio,audio/characters/char_u4e09_v1.mp3,true,DRAFT
char_u4e09,meaning_audio,audio/meanings/meaning_char_u4e09_v1.mp3,true,DRAFT
char_u4e09,word_audio_1,audio/words/char_u4e09_1_v1.mp3,true,DRAFT
char_u4e09,word_audio_2,audio/words/char_u4e09_2_v1.mp3,true,DRAFT
char_u4e09,sentence_audio,audio/sentences/char_u4e09_v1.mp3,true,DRAFT
char_u56db,image,images/characters/char_u56db_main_v1.webp,true,DRAFT
char_u56db,character_audio,audio/characters/char_u56db_v1.mp3,true,DRAFT
char_u56db,meaning_audio,audio/meanings/meaning_char_u56db_v1.mp3,true,DRAFT
char_u56db,word_audio_1,audio/words/char_u56db_1_v1.mp3,true,DRAFT
char_u56db,word_audio_2,audio/words/char_u56db_2_v1.mp3,true,DRAFT
char_u56db,sentence_audio,audio/sentences/char_u56db_v1.mp3,true,DRAFT
char_u4e94,image,images/characters/char_u4e94_main_v1.webp,true,DRAFT
char_u4e94,character_audio,audio/characters/char_u4e94_v1.mp3,true,DRAFT
char_u4e94,meaning_audio,audio/meanings/meaning_char_u4e94_v1.mp3,true,DRAFT
char_u4e94,word_audio_1,audio/words/char_u4e94_1_v1.mp3,true,DRAFT
char_u4e94,word_audio_2,audio/words/char_u4e94_2_v1.mp3,true,DRAFT
char_u4e94,sentence_audio,audio/sentences/char_u4e94_v1.mp3,true,DRAFT
char_u516d,image,images/characters/char_u516d_main_v1.webp,true,DRAFT
char_u516d,character_audio,audio/characters/char_u516d_v1.mp3,true,DRAFT
char_u516d,meaning_audio,audio/meanings/meaning_char_u516d_v1.mp3,true,DRAFT
char_u516d,word_audio_1,audio/words/char_u516d_1_v1.mp3,true,DRAFT
char_u516d,word_audio_2,audio/words/char_u516d_2_v1.mp3,true,DRAFT
char_u516d,sentence_audio,audio/sentences/char_u516d_v1.mp3,true,DRAFT
char_u4e03,image,images/characters/char_u4e03_main_v1.webp,true,DRAFT
char_u4e03,character_audio,audio/characters/char_u4e03_v1.mp3,true,DRAFT
char_u4e03,meaning_audio,audio/meanings/meaning_char_u4e03_v1.mp3,true,DRAFT
char_u4e03,word_audio_1,audio/words/char_u4e03_1_v1.mp3,true,DRAFT
char_u4e03,word_audio_2,audio/words/char_u4e03_2_v1.mp3,true,DRAFT
char_u4e03,sentence_audio,audio/sentences/char_u4e03_v1.mp3,true,DRAFT
char_u516b,image,images/characters/char_u516b_main_v1.webp,true,DRAFT
char_u516b,character_audio,audio/characters/char_u516b_v1.mp3,true,DRAFT
char_u516b,meaning_audio,audio/meanings/meaning_char_u516b_v1.mp3,true,DRAFT
char_u516b,word_audio_1,audio/words/char_u516b_1_v1.mp3,true,DRAFT
char_u516b,word_audio_2,audio/words/char_u516b_2_v1.mp3,true,DRAFT
char_u516b,sentence_audio,audio/sentences/char_u516b_v1.mp3,true,DRAFT
char_u4e5d,image,images/characters/char_u4e5d_main_v1.webp,true,DRAFT
char_u4e5d,character_audio,audio/characters/char_u4e5d_v1.mp3,true,DRAFT
char_u4e5d,meaning_audio,audio/meanings/meaning_char_u4e5d_v1.mp3,true,DRAFT
char_u4e5d,word_audio_1,audio/words/char_u4e5d_1_v1.mp3,true,DRAFT
char_u4e5d,word_audio_2,audio/words/char_u4e5d_2_v1.mp3,true,DRAFT
char_u4e5d,sentence_audio,audio/sentences/char_u4e5d_v1.mp3,true,DRAFT
char_u5341,image,images/characters/char_u5341_main_v1.webp,true,DRAFT
char_u5341,character_audio,audio/characters/char_u5341_v1.mp3,true,DRAFT
char_u5341,meaning_audio,audio/meanings/meaning_char_u5341_v1.mp3,true,DRAFT
char_u5341,word_audio_1,audio/words/char_u5341_1_v1.mp3,true,DRAFT
char_u5341,word_audio_2,audio/words/char_u5341_2_v1.mp3,true,DRAFT
char_u5341,sentence_audio,audio/sentences/char_u5341_v1.mp3,true,DRAFT
char_u767e,image,images/characters/char_u767e_main_v1.webp,true,DRAFT
char_u767e,character_audio,audio/characters/char_u767e_v1.mp3,true,DRAFT
char_u767e,meaning_audio,audio/meanings/meaning_char_u767e_v1.mp3,true,DRAFT
char_u767e,word_audio_1,audio/words/char_u767e_1_v1.mp3,true,DRAFT
char_u767e,word_audio_2,audio/words/char_u767e_2_v1.mp3,true,DRAFT
char_u767e,sentence_audio,audio/sentences/char_u767e_v1.mp3,true,DRAFT
char_u5343,image,images/characters/char_u5343_main_v1.webp,true,DRAFT
char_u5343,character_audio,audio/characters/char_u5343_v1.mp3,true,DRAFT
char_u5343,meaning_audio,audio/meanings/meaning_char_u5343_v1.mp3,true,DRAFT
char_u5343,word_audio_1,audio/words/char_u5343_1_v1.mp3,true,DRAFT
char_u5343,word_audio_2,audio/words/char_u5343_2_v1.mp3,true,DRAFT
char_u5343,sentence_audio,audio/sentences/char_u5343_v1.mp3,true,DRAFT
char_u4e2a,image,images/characters/char_u4e2a_main_v1.webp,true,DRAFT
char_u4e2a,character_audio,audio/characters/char_u4e2a_v1.mp3,true,DRAFT
char_u4e2a,meaning_audio,audio/meanings/meaning_char_u4e2a_v1.mp3,true,DRAFT
char_u4e2a,word_audio_1,audio/words/char_u4e2a_1_v1.mp3,true,DRAFT
char_u4e2a,word_audio_2,audio/words/char_u4e2a_2_v1.mp3,true,DRAFT
char_u4e2a,sentence_audio,audio/sentences/char_u4e2a_v1.mp3,true,DRAFT
char_u53ea,image,images/characters/char_u53ea_main_v1.webp,true,DRAFT
char_u53ea,character_audio,audio/characters/char_u53ea_v1.mp3,true,DRAFT
char_u53ea,meaning_audio,audio/meanings/meaning_char_u53ea_v1.mp3,true,DRAFT
char_u53ea,word_audio_1,audio/words/char_u53ea_1_v1.mp3,true,DRAFT
char_u53ea,word_audio_2,audio/words/char_u53ea_2_v1.mp3,true,DRAFT
char_u53ea,sentence_audio,audio/sentences/char_u53ea_v1.mp3,true,DRAFT
char_u672c,image,images/characters/char_u672c_main_v1.webp,true,DRAFT
char_u672c,character_audio,audio/characters/char_u672c_v1.mp3,true,DRAFT
char_u672c,meaning_audio,audio/meanings/meaning_char_u672c_v1.mp3,true,DRAFT
char_u672c,word_audio_1,audio/words/char_u672c_1_v1.mp3,true,DRAFT
char_u672c,word_audio_2,audio/words/char_u672c_2_v1.mp3,true,DRAFT
char_u672c,sentence_audio,audio/sentences/char_u672c_v1.mp3,true,DRAFT
char_u5f20,image,images/characters/char_u5f20_main_v1.webp,true,DRAFT
char_u5f20,character_audio,audio/characters/char_u5f20_v1.mp3,true,DRAFT
char_u5f20,meaning_audio,audio/meanings/meaning_char_u5f20_v1.mp3,true,DRAFT
char_u5f20,word_audio_1,audio/words/char_u5f20_1_v1.mp3,true,DRAFT
char_u5f20,word_audio_2,audio/words/char_u5f20_2_v1.mp3,true,DRAFT
char_u5f20,sentence_audio,audio/sentences/char_u5f20_v1.mp3,true,DRAFT
char_u4ef6,image,images/characters/char_u4ef6_main_v1.webp,true,DRAFT
char_u4ef6,character_audio,audio/characters/char_u4ef6_v1.mp3,true,DRAFT
char_u4ef6,meaning_audio,audio/meanings/meaning_char_u4ef6_v1.mp3,true,DRAFT
char_u4ef6,word_audio_1,audio/words/char_u4ef6_1_v1.mp3,true,DRAFT
char_u4ef6,word_audio_2,audio/words/char_u4ef6_2_v1.mp3,true,DRAFT
char_u4ef6,sentence_audio,audio/sentences/char_u4ef6_v1.mp3,true,DRAFT
char_u6761,image,images/characters/char_u6761_main_v1.webp,true,DRAFT
char_u6761,character_audio,audio/characters/char_u6761_v1.mp3,true,DRAFT
char_u6761,meaning_audio,audio/meanings/meaning_char_u6761_v1.mp3,true,DRAFT
char_u6761,word_audio_1,audio/words/char_u6761_1_v1.mp3,true,DRAFT
char_u6761,word_audio_2,audio/words/char_u6761_2_v1.mp3,true,DRAFT
char_u6761,sentence_audio,audio/sentences/char_u6761_v1.mp3,true,DRAFT
char_u4e9b,image,images/characters/char_u4e9b_main_v1.webp,true,DRAFT
char_u4e9b,character_audio,audio/characters/char_u4e9b_v1.mp3,true,DRAFT
char_u4e9b,meaning_audio,audio/meanings/meaning_char_u4e9b_v1.mp3,true,DRAFT
char_u4e9b,word_audio_1,audio/words/char_u4e9b_1_v1.mp3,true,DRAFT
char_u4e9b,word_audio_2,audio/words/char_u4e9b_2_v1.mp3,true,DRAFT
char_u4e9b,sentence_audio,audio/sentences/char_u4e9b_v1.mp3,true,DRAFT
char_u6bcf,image,images/characters/char_u6bcf_main_v1.webp,true,DRAFT
char_u6bcf,character_audio,audio/characters/char_u6bcf_v1.mp3,true,DRAFT
char_u6bcf,meaning_audio,audio/meanings/meaning_char_u6bcf_v1.mp3,true,DRAFT
char_u6bcf,word_audio_1,audio/words/char_u6bcf_1_v1.mp3,true,DRAFT
char_u6bcf,word_audio_2,audio/words/char_u6bcf_2_v1.mp3,true,DRAFT
char_u6bcf,sentence_audio,audio/sentences/char_u6bcf_v1.mp3,true,DRAFT
char_u90fd,image,images/characters/char_u90fd_main_v1.webp,true,DRAFT
char_u90fd,character_audio,audio/characters/char_u90fd_v1.mp3,true,DRAFT
char_u90fd,meaning_audio,audio/meanings/meaning_char_u90fd_v1.mp3,true,DRAFT
char_u90fd,word_audio_1,audio/words/char_u90fd_1_v1.mp3,true,DRAFT
char_u90fd,word_audio_2,audio/words/char_u90fd_2_v1.mp3,true,DRAFT
char_u90fd,sentence_audio,audio/sentences/char_u90fd_v1.mp3,true,DRAFT
char_u4e5f,image,images/characters/char_u4e5f_main_v1.webp,true,DRAFT
char_u4e5f,character_audio,audio/characters/char_u4e5f_v1.mp3,true,DRAFT
char_u4e5f,meaning_audio,audio/meanings/meaning_char_u4e5f_v1.mp3,true,DRAFT
char_u4e5f,word_audio_1,audio/words/char_u4e5f_1_v1.mp3,true,DRAFT
char_u4e5f,word_audio_2,audio/words/char_u4e5f_2_v1.mp3,true,DRAFT
char_u4e5f,sentence_audio,audio/sentences/char_u4e5f_v1.mp3,true,DRAFT
char_u8fd8,image,images/characters/char_u8fd8_main_v1.webp,true,DRAFT
char_u8fd8,character_audio,audio/characters/char_u8fd8_v1.mp3,true,DRAFT
char_u8fd8,meaning_audio,audio/meanings/meaning_char_u8fd8_v1.mp3,true,DRAFT
char_u8fd8,word_audio_1,audio/words/char_u8fd8_1_v1.mp3,true,DRAFT
char_u8fd8,word_audio_2,audio/words/char_u8fd8_2_v1.mp3,true,DRAFT
char_u8fd8,sentence_audio,audio/sentences/char_u8fd8_v1.mp3,true,DRAFT
char_u53c8,image,images/characters/char_u53c8_main_v1.webp,true,DRAFT
char_u53c8,character_audio,audio/characters/char_u53c8_v1.mp3,true,DRAFT
char_u53c8,meaning_audio,audio/meanings/meaning_char_u53c8_v1.mp3,true,DRAFT
char_u53c8,word_audio_1,audio/words/char_u53c8_1_v1.mp3,true,DRAFT
char_u53c8,word_audio_2,audio/words/char_u53c8_2_v1.mp3,true,DRAFT
char_u53c8,sentence_audio,audio/sentences/char_u53c8_v1.mp3,true,DRAFT
char_u518d,image,images/characters/char_u518d_main_v1.webp,true,DRAFT
char_u518d,character_audio,audio/characters/char_u518d_v1.mp3,true,DRAFT
char_u518d,meaning_audio,audio/meanings/meaning_char_u518d_v1.mp3,true,DRAFT
char_u518d,word_audio_1,audio/words/char_u518d_1_v1.mp3,true,DRAFT
char_u518d,word_audio_2,audio/words/char_u518d_2_v1.mp3,true,DRAFT
char_u518d,sentence_audio,audio/sentences/char_u518d_v1.mp3,true,DRAFT
char_u5f88,image,images/characters/char_u5f88_main_v1.webp,true,DRAFT
char_u5f88,character_audio,audio/characters/char_u5f88_v1.mp3,true,DRAFT
char_u5f88,meaning_audio,audio/meanings/meaning_char_u5f88_v1.mp3,true,DRAFT
char_u5f88,word_audio_1,audio/words/char_u5f88_1_v1.mp3,true,DRAFT
char_u5f88,word_audio_2,audio/words/char_u5f88_2_v1.mp3,true,DRAFT
char_u5f88,sentence_audio,audio/sentences/char_u5f88_v1.mp3,true,DRAFT
char_u6700,image,images/characters/char_u6700_main_v1.webp,true,DRAFT
char_u6700,character_audio,audio/characters/char_u6700_v1.mp3,true,DRAFT
char_u6700,meaning_audio,audio/meanings/meaning_char_u6700_v1.mp3,true,DRAFT
char_u6700,word_audio_1,audio/words/char_u6700_1_v1.mp3,true,DRAFT
char_u6700,word_audio_2,audio/words/char_u6700_2_v1.mp3,true,DRAFT
char_u6700,sentence_audio,audio/sentences/char_u6700_v1.mp3,true,DRAFT
char_u771f,image,images/characters/char_u771f_main_v1.webp,true,DRAFT
char_u771f,character_audio,audio/characters/char_u771f_v1.mp3,true,DRAFT
char_u771f,meaning_audio,audio/meanings/meaning_char_u771f_v1.mp3,true,DRAFT
char_u771f,word_audio_1,audio/words/char_u771f_1_v1.mp3,true,DRAFT
char_u771f,word_audio_2,audio/words/char_u771f_2_v1.mp3,true,DRAFT
char_u771f,sentence_audio,audio/sentences/char_u771f_v1.mp3,true,DRAFT
char_u592a,image,images/characters/char_u592a_main_v1.webp,true,DRAFT
char_u592a,character_audio,audio/characters/char_u592a_v1.mp3,true,DRAFT
char_u592a,meaning_audio,audio/meanings/meaning_char_u592a_v1.mp3,true,DRAFT
char_u592a,word_audio_1,audio/words/char_u592a_1_v1.mp3,true,DRAFT
char_u592a,word_audio_2,audio/words/char_u592a_2_v1.mp3,true,DRAFT
char_u592a,sentence_audio,audio/sentences/char_u592a_v1.mp3,true,DRAFT
char_u4eca,image,images/characters/char_u4eca_main_v1.webp,true,DRAFT
char_u4eca,character_audio,audio/characters/char_u4eca_v1.mp3,true,DRAFT
char_u4eca,meaning_audio,audio/meanings/meaning_char_u4eca_v1.mp3,true,DRAFT
char_u4eca,word_audio_1,audio/words/char_u4eca_1_v1.mp3,true,DRAFT
char_u4eca,word_audio_2,audio/words/char_u4eca_2_v1.mp3,true,DRAFT
char_u4eca,sentence_audio,audio/sentences/char_u4eca_v1.mp3,true,DRAFT
char_u660e,image,images/characters/char_u660e_main_v1.webp,true,DRAFT
char_u660e,character_audio,audio/characters/char_u660e_v1.mp3,true,DRAFT
char_u660e,meaning_audio,audio/meanings/meaning_char_u660e_v1.mp3,true,DRAFT
char_u660e,word_audio_1,audio/words/char_u660e_1_v1.mp3,true,DRAFT
char_u660e,word_audio_2,audio/words/char_u660e_2_v1.mp3,true,DRAFT
char_u660e,sentence_audio,audio/sentences/char_u660e_v1.mp3,true,DRAFT
char_u5e74,image,images/characters/char_u5e74_main_v1.webp,true,DRAFT
char_u5e74,character_audio,audio/characters/char_u5e74_v1.mp3,true,DRAFT
char_u5e74,meaning_audio,audio/meanings/meaning_char_u5e74_v1.mp3,true,DRAFT
char_u5e74,word_audio_1,audio/words/char_u5e74_1_v1.mp3,true,DRAFT
char_u5e74,word_audio_2,audio/words/char_u5e74_2_v1.mp3,true,DRAFT
char_u5e74,sentence_audio,audio/sentences/char_u5e74_v1.mp3,true,DRAFT
char_u65f6,image,images/characters/char_u65f6_main_v1.webp,true,DRAFT
char_u65f6,character_audio,audio/characters/char_u65f6_v1.mp3,true,DRAFT
char_u65f6,meaning_audio,audio/meanings/meaning_char_u65f6_v1.mp3,true,DRAFT
char_u65f6,word_audio_1,audio/words/char_u65f6_1_v1.mp3,true,DRAFT
char_u65f6,word_audio_2,audio/words/char_u65f6_2_v1.mp3,true,DRAFT
char_u65f6,sentence_audio,audio/sentences/char_u65f6_v1.mp3,true,DRAFT
char_u5206,image,images/characters/char_u5206_main_v1.webp,true,DRAFT
char_u5206,character_audio,audio/characters/char_u5206_v1.mp3,true,DRAFT
char_u5206,meaning_audio,audio/meanings/meaning_char_u5206_v1.mp3,true,DRAFT
char_u5206,word_audio_1,audio/words/char_u5206_1_v1.mp3,true,DRAFT
char_u5206,word_audio_2,audio/words/char_u5206_2_v1.mp3,true,DRAFT
char_u5206,sentence_audio,audio/sentences/char_u5206_v1.mp3,true,DRAFT
char_u79d2,image,images/characters/char_u79d2_main_v1.webp,true,DRAFT
char_u79d2,character_audio,audio/characters/char_u79d2_v1.mp3,true,DRAFT
char_u79d2,meaning_audio,audio/meanings/meaning_char_u79d2_v1.mp3,true,DRAFT
char_u79d2,word_audio_1,audio/words/char_u79d2_1_v1.mp3,true,DRAFT
char_u79d2,word_audio_2,audio/words/char_u79d2_2_v1.mp3,true,DRAFT
char_u79d2,sentence_audio,audio/sentences/char_u79d2_v1.mp3,true,DRAFT
char_u5468,image,images/characters/char_u5468_main_v1.webp,true,DRAFT
char_u5468,character_audio,audio/characters/char_u5468_v1.mp3,true,DRAFT
char_u5468,meaning_audio,audio/meanings/meaning_char_u5468_v1.mp3,true,DRAFT
char_u5468,word_audio_1,audio/words/char_u5468_1_v1.mp3,true,DRAFT
char_u5468,word_audio_2,audio/words/char_u5468_2_v1.mp3,true,DRAFT
char_u5468,sentence_audio,audio/sentences/char_u5468_v1.mp3,true,DRAFT
char_u5c81,image,images/characters/char_u5c81_main_v1.webp,true,DRAFT
char_u5c81,character_audio,audio/characters/char_u5c81_v1.mp3,true,DRAFT
char_u5c81,meaning_audio,audio/meanings/meaning_char_u5c81_v1.mp3,true,DRAFT
char_u5c81,word_audio_1,audio/words/char_u5c81_1_v1.mp3,true,DRAFT
char_u5c81,word_audio_2,audio/words/char_u5c81_2_v1.mp3,true,DRAFT
char_u5c81,sentence_audio,audio/sentences/char_u5c81_v1.mp3,true,DRAFT
char_u70b9,image,images/characters/char_u70b9_main_v1.webp,true,DRAFT
char_u70b9,character_audio,audio/characters/char_u70b9_v1.mp3,true,DRAFT
char_u70b9,meaning_audio,audio/meanings/meaning_char_u70b9_v1.mp3,true,DRAFT
char_u70b9,word_audio_1,audio/words/char_u70b9_1_v1.mp3,true,DRAFT
char_u70b9,word_audio_2,audio/words/char_u70b9_2_v1.mp3,true,DRAFT
char_u70b9,sentence_audio,audio/sentences/char_u70b9_v1.mp3,true,DRAFT
char_u6b21,image,images/characters/char_u6b21_main_v1.webp,true,DRAFT
char_u6b21,character_audio,audio/characters/char_u6b21_v1.mp3,true,DRAFT
char_u6b21,meaning_audio,audio/meanings/meaning_char_u6b21_v1.mp3,true,DRAFT
char_u6b21,word_audio_1,audio/words/char_u6b21_1_v1.mp3,true,DRAFT
char_u6b21,word_audio_2,audio/words/char_u6b21_2_v1.mp3,true,DRAFT
char_u6b21,sentence_audio,audio/sentences/char_u6b21_v1.mp3,true,DRAFT
char_u8fb9,image,images/characters/char_u8fb9_main_v1.webp,true,DRAFT
char_u8fb9,character_audio,audio/characters/char_u8fb9_v1.mp3,true,DRAFT
char_u8fb9,meaning_audio,audio/meanings/meaning_char_u8fb9_v1.mp3,true,DRAFT
char_u8fb9,word_audio_1,audio/words/char_u8fb9_1_v1.mp3,true,DRAFT
char_u8fb9,word_audio_2,audio/words/char_u8fb9_2_v1.mp3,true,DRAFT
char_u8fb9,sentence_audio,audio/sentences/char_u8fb9_v1.mp3,true,DRAFT
char_u65b9,image,images/characters/char_u65b9_main_v1.webp,true,DRAFT
char_u65b9,character_audio,audio/characters/char_u65b9_v1.mp3,true,DRAFT
char_u65b9,meaning_audio,audio/meanings/meaning_char_u65b9_v1.mp3,true,DRAFT
char_u65b9,word_audio_1,audio/words/char_u65b9_1_v1.mp3,true,DRAFT
char_u65b9,word_audio_2,audio/words/char_u65b9_2_v1.mp3,true,DRAFT
char_u65b9,sentence_audio,audio/sentences/char_u65b9_v1.mp3,true,DRAFT
char_u5411,image,images/characters/char_u5411_main_v1.webp,true,DRAFT
char_u5411,character_audio,audio/characters/char_u5411_v1.mp3,true,DRAFT
char_u5411,meaning_audio,audio/meanings/meaning_char_u5411_v1.mp3,true,DRAFT
char_u5411,word_audio_1,audio/words/char_u5411_1_v1.mp3,true,DRAFT
char_u5411,word_audio_2,audio/words/char_u5411_2_v1.mp3,true,DRAFT
char_u5411,sentence_audio,audio/sentences/char_u5411_v1.mp3,true,DRAFT
char_u5185,image,images/characters/char_u5185_main_v1.webp,true,DRAFT
char_u5185,character_audio,audio/characters/char_u5185_v1.mp3,true,DRAFT
char_u5185,meaning_audio,audio/meanings/meaning_char_u5185_v1.mp3,true,DRAFT
char_u5185,word_audio_1,audio/words/char_u5185_1_v1.mp3,true,DRAFT
char_u5185,word_audio_2,audio/words/char_u5185_2_v1.mp3,true,DRAFT
char_u5185,sentence_audio,audio/sentences/char_u5185_v1.mp3,true,DRAFT
char_u5973,image,images/characters/char_u5973_main_v1.webp,true,DRAFT
char_u5973,character_audio,audio/characters/char_u5973_v1.mp3,true,DRAFT
char_u5973,meaning_audio,audio/meanings/meaning_char_u5973_v1.mp3,true,DRAFT
char_u5973,word_audio_1,audio/words/char_u5973_1_v1.mp3,true,DRAFT
char_u5973,word_audio_2,audio/words/char_u5973_2_v1.mp3,true,DRAFT
char_u5973,sentence_audio,audio/sentences/char_u5973_v1.mp3,true,DRAFT
char_u989c,image,images/characters/char_u989c_main_v1.webp,true,DRAFT
char_u989c,character_audio,audio/characters/char_u989c_v1.mp3,true,DRAFT
char_u989c,meaning_audio,audio/meanings/meaning_char_u989c_v1.mp3,true,DRAFT
char_u989c,word_audio_1,audio/words/char_u989c_1_v1.mp3,true,DRAFT
char_u989c,word_audio_2,audio/words/char_u989c_2_v1.mp3,true,DRAFT
char_u989c,sentence_audio,audio/sentences/char_u989c_v1.mp3,true,DRAFT
char_u8272,image,images/characters/char_u8272_main_v1.webp,true,DRAFT
char_u8272,character_audio,audio/characters/char_u8272_v1.mp3,true,DRAFT
char_u8272,meaning_audio,audio/meanings/meaning_char_u8272_v1.mp3,true,DRAFT
char_u8272,word_audio_1,audio/words/char_u8272_1_v1.mp3,true,DRAFT
char_u8272,word_audio_2,audio/words/char_u8272_2_v1.mp3,true,DRAFT
char_u8272,sentence_audio,audio/sentences/char_u8272_v1.mp3,true,DRAFT
char_u5f62,image,images/characters/char_u5f62_main_v1.webp,true,DRAFT
char_u5f62,character_audio,audio/characters/char_u5f62_v1.mp3,true,DRAFT
char_u5f62,meaning_audio,audio/meanings/meaning_char_u5f62_v1.mp3,true,DRAFT
char_u5f62,word_audio_1,audio/words/char_u5f62_1_v1.mp3,true,DRAFT
char_u5f62,word_audio_2,audio/words/char_u5f62_2_v1.mp3,true,DRAFT
char_u5f62,sentence_audio,audio/sentences/char_u5f62_v1.mp3,true,DRAFT
char_u72b6,image,images/characters/char_u72b6_main_v1.webp,true,DRAFT
char_u72b6,character_audio,audio/characters/char_u72b6_v1.mp3,true,DRAFT
char_u72b6,meaning_audio,audio/meanings/meaning_char_u72b6_v1.mp3,true,DRAFT
char_u72b6,word_audio_1,audio/words/char_u72b6_1_v1.mp3,true,DRAFT
char_u72b6,word_audio_2,audio/words/char_u72b6_2_v1.mp3,true,DRAFT
char_u72b6,sentence_audio,audio/sentences/char_u72b6_v1.mp3,true,DRAFT
char_u5706,image,images/characters/char_u5706_main_v1.webp,true,DRAFT
char_u5706,character_audio,audio/characters/char_u5706_v1.mp3,true,DRAFT
char_u5706,meaning_audio,audio/meanings/meaning_char_u5706_v1.mp3,true,DRAFT
char_u5706,word_audio_1,audio/words/char_u5706_1_v1.mp3,true,DRAFT
char_u5706,word_audio_2,audio/words/char_u5706_2_v1.mp3,true,DRAFT
char_u5706,sentence_audio,audio/sentences/char_u5706_v1.mp3,true,DRAFT
char_u8f7b,image,images/characters/char_u8f7b_main_v1.webp,true,DRAFT
char_u8f7b,character_audio,audio/characters/char_u8f7b_v1.mp3,true,DRAFT
char_u8f7b,meaning_audio,audio/meanings/meaning_char_u8f7b_v1.mp3,true,DRAFT
char_u8f7b,word_audio_1,audio/words/char_u8f7b_1_v1.mp3,true,DRAFT
char_u8f7b,word_audio_2,audio/words/char_u8f7b_2_v1.mp3,true,DRAFT
char_u8f7b,sentence_audio,audio/sentences/char_u8f7b_v1.mp3,true,DRAFT
char_u91cd,image,images/characters/char_u91cd_main_v1.webp,true,DRAFT
char_u91cd,character_audio,audio/characters/char_u91cd_v1.mp3,true,DRAFT
char_u91cd,meaning_audio,audio/meanings/meaning_char_u91cd_v1.mp3,true,DRAFT
char_u91cd,word_audio_1,audio/words/char_u91cd_1_v1.mp3,true,DRAFT
char_u91cd,word_audio_2,audio/words/char_u91cd_2_v1.mp3,true,DRAFT
char_u91cd,sentence_audio,audio/sentences/char_u91cd_v1.mp3,true,DRAFT
char_u51b7,image,images/characters/char_u51b7_main_v1.webp,true,DRAFT
char_u51b7,character_audio,audio/characters/char_u51b7_v1.mp3,true,DRAFT
char_u51b7,meaning_audio,audio/meanings/meaning_char_u51b7_v1.mp3,true,DRAFT
char_u51b7,word_audio_1,audio/words/char_u51b7_1_v1.mp3,true,DRAFT
char_u51b7,word_audio_2,audio/words/char_u51b7_2_v1.mp3,true,DRAFT
char_u51b7,sentence_audio,audio/sentences/char_u51b7_v1.mp3,true,DRAFT
char_u70ed,image,images/characters/char_u70ed_main_v1.webp,true,DRAFT
char_u70ed,character_audio,audio/characters/char_u70ed_v1.mp3,true,DRAFT
char_u70ed,meaning_audio,audio/meanings/meaning_char_u70ed_v1.mp3,true,DRAFT
char_u70ed,word_audio_1,audio/words/char_u70ed_1_v1.mp3,true,DRAFT
char_u70ed,word_audio_2,audio/words/char_u70ed_2_v1.mp3,true,DRAFT
char_u70ed,sentence_audio,audio/sentences/char_u70ed_v1.mp3,true,DRAFT
char_u9999,image,images/characters/char_u9999_main_v1.webp,true,DRAFT
char_u9999,character_audio,audio/characters/char_u9999_v1.mp3,true,DRAFT
char_u9999,meaning_audio,audio/meanings/meaning_char_u9999_v1.mp3,true,DRAFT
char_u9999,word_audio_1,audio/words/char_u9999_1_v1.mp3,true,DRAFT
char_u9999,word_audio_2,audio/words/char_u9999_2_v1.mp3,true,DRAFT
char_u9999,sentence_audio,audio/sentences/char_u9999_v1.mp3,true,DRAFT
char_u751c,image,images/characters/char_u751c_main_v1.webp,true,DRAFT
char_u751c,character_audio,audio/characters/char_u751c_v1.mp3,true,DRAFT
char_u751c,meaning_audio,audio/meanings/meaning_char_u751c_v1.mp3,true,DRAFT
char_u751c,word_audio_1,audio/words/char_u751c_1_v1.mp3,true,DRAFT
char_u751c,word_audio_2,audio/words/char_u751c_2_v1.mp3,true,DRAFT
char_u751c,sentence_audio,audio/sentences/char_u751c_v1.mp3,true,DRAFT
char_u82e6,image,images/characters/char_u82e6_main_v1.webp,true,DRAFT
char_u82e6,character_audio,audio/characters/char_u82e6_v1.mp3,true,DRAFT
char_u82e6,meaning_audio,audio/meanings/meaning_char_u82e6_v1.mp3,true,DRAFT
char_u82e6,word_audio_1,audio/words/char_u82e6_1_v1.mp3,true,DRAFT
char_u82e6,word_audio_2,audio/words/char_u82e6_2_v1.mp3,true,DRAFT
char_u82e6,sentence_audio,audio/sentences/char_u82e6_v1.mp3,true,DRAFT
char_u9178,image,images/characters/char_u9178_main_v1.webp,true,DRAFT
char_u9178,character_audio,audio/characters/char_u9178_v1.mp3,true,DRAFT
char_u9178,meaning_audio,audio/meanings/meaning_char_u9178_v1.mp3,true,DRAFT
char_u9178,word_audio_1,audio/words/char_u9178_1_v1.mp3,true,DRAFT
char_u9178,word_audio_2,audio/words/char_u9178_2_v1.mp3,true,DRAFT
char_u9178,sentence_audio,audio/sentences/char_u9178_v1.mp3,true,DRAFT
char_u8f6f,image,images/characters/char_u8f6f_main_v1.webp,true,DRAFT
char_u8f6f,character_audio,audio/characters/char_u8f6f_v1.mp3,true,DRAFT
char_u8f6f,meaning_audio,audio/meanings/meaning_char_u8f6f_v1.mp3,true,DRAFT
char_u8f6f,word_audio_1,audio/words/char_u8f6f_1_v1.mp3,true,DRAFT
char_u8f6f,word_audio_2,audio/words/char_u8f6f_2_v1.mp3,true,DRAFT
char_u8f6f,sentence_audio,audio/sentences/char_u8f6f_v1.mp3,true,DRAFT
char_u786c,image,images/characters/char_u786c_main_v1.webp,true,DRAFT
char_u786c,character_audio,audio/characters/char_u786c_v1.mp3,true,DRAFT
char_u786c,meaning_audio,audio/meanings/meaning_char_u786c_v1.mp3,true,DRAFT
char_u786c,word_audio_1,audio/words/char_u786c_1_v1.mp3,true,DRAFT
char_u786c,word_audio_2,audio/words/char_u786c_2_v1.mp3,true,DRAFT
char_u786c,sentence_audio,audio/sentences/char_u786c_v1.mp3,true,DRAFT
char_u5e72,image,images/characters/char_u5e72_main_v1.webp,true,DRAFT
char_u5e72,character_audio,audio/characters/char_u5e72_v1.mp3,true,DRAFT
char_u5e72,meaning_audio,audio/meanings/meaning_char_u5e72_v1.mp3,true,DRAFT
char_u5e72,word_audio_1,audio/words/char_u5e72_1_v1.mp3,true,DRAFT
char_u5e72,word_audio_2,audio/words/char_u5e72_2_v1.mp3,true,DRAFT
char_u5e72,sentence_audio,audio/sentences/char_u5e72_v1.mp3,true,DRAFT
char_u6e7f,image,images/characters/char_u6e7f_main_v1.webp,true,DRAFT
char_u6e7f,character_audio,audio/characters/char_u6e7f_v1.mp3,true,DRAFT
char_u6e7f,meaning_audio,audio/meanings/meaning_char_u6e7f_v1.mp3,true,DRAFT
char_u6e7f,word_audio_1,audio/words/char_u6e7f_1_v1.mp3,true,DRAFT
char_u6e7f,word_audio_2,audio/words/char_u6e7f_2_v1.mp3,true,DRAFT
char_u6e7f,sentence_audio,audio/sentences/char_u6e7f_v1.mp3,true,DRAFT
char_u58f0,image,images/characters/char_u58f0_main_v1.webp,true,DRAFT
char_u58f0,character_audio,audio/characters/char_u58f0_v1.mp3,true,DRAFT
char_u58f0,meaning_audio,audio/meanings/meaning_char_u58f0_v1.mp3,true,DRAFT
char_u58f0,word_audio_1,audio/words/char_u58f0_1_v1.mp3,true,DRAFT
char_u58f0,word_audio_2,audio/words/char_u58f0_2_v1.mp3,true,DRAFT
char_u58f0,sentence_audio,audio/sentences/char_u58f0_v1.mp3,true,DRAFT
char_u97f3,image,images/characters/char_u97f3_main_v1.webp,true,DRAFT
char_u97f3,character_audio,audio/characters/char_u97f3_v1.mp3,true,DRAFT
char_u97f3,meaning_audio,audio/meanings/meaning_char_u97f3_v1.mp3,true,DRAFT
char_u97f3,word_audio_1,audio/words/char_u97f3_1_v1.mp3,true,DRAFT
char_u97f3,word_audio_2,audio/words/char_u97f3_2_v1.mp3,true,DRAFT
char_u97f3,sentence_audio,audio/sentences/char_u97f3_v1.mp3,true,DRAFT
char_u6b4c,image,images/characters/char_u6b4c_main_v1.webp,true,DRAFT
char_u6b4c,character_audio,audio/characters/char_u6b4c_v1.mp3,true,DRAFT
char_u6b4c,meaning_audio,audio/meanings/meaning_char_u6b4c_v1.mp3,true,DRAFT
char_u6b4c,word_audio_1,audio/words/char_u6b4c_1_v1.mp3,true,DRAFT
char_u6b4c,word_audio_2,audio/words/char_u6b4c_2_v1.mp3,true,DRAFT
char_u6b4c,sentence_audio,audio/sentences/char_u6b4c_v1.mp3,true,DRAFT
char_u821e,image,images/characters/char_u821e_main_v1.webp,true,DRAFT
char_u821e,character_audio,audio/characters/char_u821e_v1.mp3,true,DRAFT
char_u821e,meaning_audio,audio/meanings/meaning_char_u821e_v1.mp3,true,DRAFT
char_u821e,word_audio_1,audio/words/char_u821e_1_v1.mp3,true,DRAFT
char_u821e,word_audio_2,audio/words/char_u821e_2_v1.mp3,true,DRAFT
char_u821e,sentence_audio,audio/sentences/char_u821e_v1.mp3,true,DRAFT
char_u4e50,image,images/characters/char_u4e50_main_v1.webp,true,DRAFT
char_u4e50,character_audio,audio/characters/char_u4e50_v1.mp3,true,DRAFT
char_u4e50,meaning_audio,audio/meanings/meaning_char_u4e50_v1.mp3,true,DRAFT
char_u4e50,word_audio_1,audio/words/char_u4e50_1_v1.mp3,true,DRAFT
char_u4e50,word_audio_2,audio/words/char_u4e50_2_v1.mp3,true,DRAFT
char_u4e50,sentence_audio,audio/sentences/char_u4e50_v1.mp3,true,DRAFT
char_u7403,image,images/characters/char_u7403_main_v1.webp,true,DRAFT
char_u7403,character_audio,audio/characters/char_u7403_v1.mp3,true,DRAFT
char_u7403,meaning_audio,audio/meanings/meaning_char_u7403_v1.mp3,true,DRAFT
char_u7403,word_audio_1,audio/words/char_u7403_1_v1.mp3,true,DRAFT
char_u7403,word_audio_2,audio/words/char_u7403_2_v1.mp3,true,DRAFT
char_u7403,sentence_audio,audio/sentences/char_u7403_v1.mp3,true,DRAFT
char_u68d2,image,images/characters/char_u68d2_main_v1.webp,true,DRAFT
char_u68d2,character_audio,audio/characters/char_u68d2_v1.mp3,true,DRAFT
char_u68d2,meaning_audio,audio/meanings/meaning_char_u68d2_v1.mp3,true,DRAFT
char_u68d2,word_audio_1,audio/words/char_u68d2_1_v1.mp3,true,DRAFT
char_u68d2,word_audio_2,audio/words/char_u68d2_2_v1.mp3,true,DRAFT
char_u68d2,sentence_audio,audio/sentences/char_u68d2_v1.mp3,true,DRAFT
char_u7ef3,image,images/characters/char_u7ef3_main_v1.webp,true,DRAFT
char_u7ef3,character_audio,audio/characters/char_u7ef3_v1.mp3,true,DRAFT
char_u7ef3,meaning_audio,audio/meanings/meaning_char_u7ef3_v1.mp3,true,DRAFT
char_u7ef3,word_audio_1,audio/words/char_u7ef3_1_v1.mp3,true,DRAFT
char_u7ef3,word_audio_2,audio/words/char_u7ef3_2_v1.mp3,true,DRAFT
char_u7ef3,sentence_audio,audio/sentences/char_u7ef3_v1.mp3,true,DRAFT
char_u8239,image,images/characters/char_u8239_main_v1.webp,true,DRAFT
char_u8239,character_audio,audio/characters/char_u8239_v1.mp3,true,DRAFT
char_u8239,meaning_audio,audio/meanings/meaning_char_u8239_v1.mp3,true,DRAFT
char_u8239,word_audio_1,audio/words/char_u8239_1_v1.mp3,true,DRAFT
char_u8239,word_audio_2,audio/words/char_u8239_2_v1.mp3,true,DRAFT
char_u8239,sentence_audio,audio/sentences/char_u8239_v1.mp3,true,DRAFT
char_u98de,image,images/characters/char_u98de_main_v1.webp,true,DRAFT
char_u98de,character_audio,audio/characters/char_u98de_v1.mp3,true,DRAFT
char_u98de,meaning_audio,audio/meanings/meaning_char_u98de_v1.mp3,true,DRAFT
char_u98de,word_audio_1,audio/words/char_u98de_1_v1.mp3,true,DRAFT
char_u98de,word_audio_2,audio/words/char_u98de_2_v1.mp3,true,DRAFT
char_u98de,sentence_audio,audio/sentences/char_u98de_v1.mp3,true,DRAFT
char_u673a,image,images/characters/char_u673a_main_v1.webp,true,DRAFT
char_u673a,character_audio,audio/characters/char_u673a_v1.mp3,true,DRAFT
char_u673a,meaning_audio,audio/meanings/meaning_char_u673a_v1.mp3,true,DRAFT
char_u673a,word_audio_1,audio/words/char_u673a_1_v1.mp3,true,DRAFT
char_u673a,word_audio_2,audio/words/char_u673a_2_v1.mp3,true,DRAFT
char_u673a,sentence_audio,audio/sentences/char_u673a_v1.mp3,true,DRAFT
char_u8def,image,images/characters/char_u8def_main_v1.webp,true,DRAFT
char_u8def,character_audio,audio/characters/char_u8def_v1.mp3,true,DRAFT
char_u8def,meaning_audio,audio/meanings/meaning_char_u8def_v1.mp3,true,DRAFT
char_u8def,word_audio_1,audio/words/char_u8def_1_v1.mp3,true,DRAFT
char_u8def,word_audio_2,audio/words/char_u8def_2_v1.mp3,true,DRAFT
char_u8def,sentence_audio,audio/sentences/char_u8def_v1.mp3,true,DRAFT
char_u6865,image,images/characters/char_u6865_main_v1.webp,true,DRAFT
char_u6865,character_audio,audio/characters/char_u6865_v1.mp3,true,DRAFT
char_u6865,meaning_audio,audio/meanings/meaning_char_u6865_v1.mp3,true,DRAFT
char_u6865,word_audio_1,audio/words/char_u6865_1_v1.mp3,true,DRAFT
char_u6865,word_audio_2,audio/words/char_u6865_2_v1.mp3,true,DRAFT
char_u6865,sentence_audio,audio/sentences/char_u6865_v1.mp3,true,DRAFT
char_u7a97,image,images/characters/char_u7a97_main_v1.webp,true,DRAFT
char_u7a97,character_audio,audio/characters/char_u7a97_v1.mp3,true,DRAFT
char_u7a97,meaning_audio,audio/meanings/meaning_char_u7a97_v1.mp3,true,DRAFT
char_u7a97,word_audio_1,audio/words/char_u7a97_1_v1.mp3,true,DRAFT
char_u7a97,word_audio_2,audio/words/char_u7a97_2_v1.mp3,true,DRAFT
char_u7a97,sentence_audio,audio/sentences/char_u7a97_v1.mp3,true,DRAFT
char_u623f,image,images/characters/char_u623f_main_v1.webp,true,DRAFT
char_u623f,character_audio,audio/characters/char_u623f_v1.mp3,true,DRAFT
char_u623f,meaning_audio,audio/meanings/meaning_char_u623f_v1.mp3,true,DRAFT
char_u623f,word_audio_1,audio/words/char_u623f_1_v1.mp3,true,DRAFT
char_u623f,word_audio_2,audio/words/char_u623f_2_v1.mp3,true,DRAFT
char_u623f,sentence_audio,audio/sentences/char_u623f_v1.mp3,true,DRAFT
char_u5c4b,image,images/characters/char_u5c4b_main_v1.webp,true,DRAFT
char_u5c4b,character_audio,audio/characters/char_u5c4b_v1.mp3,true,DRAFT
char_u5c4b,meaning_audio,audio/meanings/meaning_char_u5c4b_v1.mp3,true,DRAFT
char_u5c4b,word_audio_1,audio/words/char_u5c4b_1_v1.mp3,true,DRAFT
char_u5c4b,word_audio_2,audio/words/char_u5c4b_2_v1.mp3,true,DRAFT
char_u5c4b,sentence_audio,audio/sentences/char_u5c4b_v1.mp3,true,DRAFT
char_u6905,image,images/characters/char_u6905_main_v1.webp,true,DRAFT
char_u6905,character_audio,audio/characters/char_u6905_v1.mp3,true,DRAFT
char_u6905,meaning_audio,audio/meanings/meaning_char_u6905_v1.mp3,true,DRAFT
char_u6905,word_audio_1,audio/words/char_u6905_1_v1.mp3,true,DRAFT
char_u6905,word_audio_2,audio/words/char_u6905_2_v1.mp3,true,DRAFT
char_u6905,sentence_audio,audio/sentences/char_u6905_v1.mp3,true,DRAFT
char_u88ab,image,images/characters/char_u88ab_main_v1.webp,true,DRAFT
char_u88ab,character_audio,audio/characters/char_u88ab_v1.mp3,true,DRAFT
char_u88ab,meaning_audio,audio/meanings/meaning_char_u88ab_v1.mp3,true,DRAFT
char_u88ab,word_audio_1,audio/words/char_u88ab_1_v1.mp3,true,DRAFT
char_u88ab,word_audio_2,audio/words/char_u88ab_2_v1.mp3,true,DRAFT
char_u88ab,sentence_audio,audio/sentences/char_u88ab_v1.mp3,true,DRAFT
char_u5e3d,image,images/characters/char_u5e3d_main_v1.webp,true,DRAFT
char_u5e3d,character_audio,audio/characters/char_u5e3d_v1.mp3,true,DRAFT
char_u5e3d,meaning_audio,audio/meanings/meaning_char_u5e3d_v1.mp3,true,DRAFT
char_u5e3d,word_audio_1,audio/words/char_u5e3d_1_v1.mp3,true,DRAFT
char_u5e3d,word_audio_2,audio/words/char_u5e3d_2_v1.mp3,true,DRAFT
char_u5e3d,sentence_audio,audio/sentences/char_u5e3d_v1.mp3,true,DRAFT
char_u978b,image,images/characters/char_u978b_main_v1.webp,true,DRAFT
char_u978b,character_audio,audio/characters/char_u978b_v1.mp3,true,DRAFT
char_u978b,meaning_audio,audio/meanings/meaning_char_u978b_v1.mp3,true,DRAFT
char_u978b,word_audio_1,audio/words/char_u978b_1_v1.mp3,true,DRAFT
char_u978b,word_audio_2,audio/words/char_u978b_2_v1.mp3,true,DRAFT
char_u978b,sentence_audio,audio/sentences/char_u978b_v1.mp3,true,DRAFT
char_u889c,image,images/characters/char_u889c_main_v1.webp,true,DRAFT
char_u889c,character_audio,audio/characters/char_u889c_v1.mp3,true,DRAFT
char_u889c,meaning_audio,audio/meanings/meaning_char_u889c_v1.mp3,true,DRAFT
char_u889c,word_audio_1,audio/words/char_u889c_1_v1.mp3,true,DRAFT
char_u889c,word_audio_2,audio/words/char_u889c_2_v1.mp3,true,DRAFT
char_u889c,sentence_audio,audio/sentences/char_u889c_v1.mp3,true,DRAFT
char_u5305,image,images/characters/char_u5305_main_v1.webp,true,DRAFT
char_u5305,character_audio,audio/characters/char_u5305_v1.mp3,true,DRAFT
char_u5305,meaning_audio,audio/meanings/meaning_char_u5305_v1.mp3,true,DRAFT
char_u5305,word_audio_1,audio/words/char_u5305_1_v1.mp3,true,DRAFT
char_u5305,word_audio_2,audio/words/char_u5305_2_v1.mp3,true,DRAFT
char_u5305,sentence_audio,audio/sentences/char_u5305_v1.mp3,true,DRAFT
char_u4f1e,image,images/characters/char_u4f1e_main_v1.webp,true,DRAFT
char_u4f1e,character_audio,audio/characters/char_u4f1e_v1.mp3,true,DRAFT
char_u4f1e,meaning_audio,audio/meanings/meaning_char_u4f1e_v1.mp3,true,DRAFT
char_u4f1e,word_audio_1,audio/words/char_u4f1e_1_v1.mp3,true,DRAFT
char_u4f1e,word_audio_2,audio/words/char_u4f1e_2_v1.mp3,true,DRAFT
char_u4f1e,sentence_audio,audio/sentences/char_u4f1e_v1.mp3,true,DRAFT
char_u949f,image,images/characters/char_u949f_main_v1.webp,true,DRAFT
char_u949f,character_audio,audio/characters/char_u949f_v1.mp3,true,DRAFT
char_u949f,meaning_audio,audio/meanings/meaning_char_u949f_v1.mp3,true,DRAFT
char_u949f,word_audio_1,audio/words/char_u949f_1_v1.mp3,true,DRAFT
char_u949f,word_audio_2,audio/words/char_u949f_2_v1.mp3,true,DRAFT
char_u949f,sentence_audio,audio/sentences/char_u949f_v1.mp3,true,DRAFT
char_u5200,image,images/characters/char_u5200_main_v1.webp,true,DRAFT
char_u5200,character_audio,audio/characters/char_u5200_v1.mp3,true,DRAFT
char_u5200,meaning_audio,audio/meanings/meaning_char_u5200_v1.mp3,true,DRAFT
char_u5200,word_audio_1,audio/words/char_u5200_1_v1.mp3,true,DRAFT
char_u5200,word_audio_2,audio/words/char_u5200_2_v1.mp3,true,DRAFT
char_u5200,sentence_audio,audio/sentences/char_u5200_v1.mp3,true,DRAFT
char_u52fa,image,images/characters/char_u52fa_main_v1.webp,true,DRAFT
char_u52fa,character_audio,audio/characters/char_u52fa_v1.mp3,true,DRAFT
char_u52fa,meaning_audio,audio/meanings/meaning_char_u52fa_v1.mp3,true,DRAFT
char_u52fa,word_audio_1,audio/words/char_u52fa_1_v1.mp3,true,DRAFT
char_u52fa,word_audio_2,audio/words/char_u52fa_2_v1.mp3,true,DRAFT
char_u52fa,sentence_audio,audio/sentences/char_u52fa_v1.mp3,true,DRAFT
char_u7897,image,images/characters/char_u7897_main_v1.webp,true,DRAFT
char_u7897,character_audio,audio/characters/char_u7897_v1.mp3,true,DRAFT
char_u7897,meaning_audio,audio/meanings/meaning_char_u7897_v1.mp3,true,DRAFT
char_u7897,word_audio_1,audio/words/char_u7897_1_v1.mp3,true,DRAFT
char_u7897,word_audio_2,audio/words/char_u7897_2_v1.mp3,true,DRAFT
char_u7897,sentence_audio,audio/sentences/char_u7897_v1.mp3,true,DRAFT
char_u76d8,image,images/characters/char_u76d8_main_v1.webp,true,DRAFT
char_u76d8,character_audio,audio/characters/char_u76d8_v1.mp3,true,DRAFT
char_u76d8,meaning_audio,audio/meanings/meaning_char_u76d8_v1.mp3,true,DRAFT
char_u76d8,word_audio_1,audio/words/char_u76d8_1_v1.mp3,true,DRAFT
char_u76d8,word_audio_2,audio/words/char_u76d8_2_v1.mp3,true,DRAFT
char_u76d8,sentence_audio,audio/sentences/char_u76d8_v1.mp3,true,DRAFT
char_u7b77,image,images/characters/char_u7b77_main_v1.webp,true,DRAFT
char_u7b77,character_audio,audio/characters/char_u7b77_v1.mp3,true,DRAFT
char_u7b77,meaning_audio,audio/meanings/meaning_char_u7b77_v1.mp3,true,DRAFT
char_u7b77,word_audio_1,audio/words/char_u7b77_1_v1.mp3,true,DRAFT
char_u7b77,word_audio_2,audio/words/char_u7b77_2_v1.mp3,true,DRAFT
char_u7b77,sentence_audio,audio/sentences/char_u7b77_v1.mp3,true,DRAFT
char_u8336,image,images/characters/char_u8336_main_v1.webp,true,DRAFT
char_u8336,character_audio,audio/characters/char_u8336_v1.mp3,true,DRAFT
char_u8336,meaning_audio,audio/meanings/meaning_char_u8336_v1.mp3,true,DRAFT
char_u8336,word_audio_1,audio/words/char_u8336_1_v1.mp3,true,DRAFT
char_u8336,word_audio_2,audio/words/char_u8336_2_v1.mp3,true,DRAFT
char_u8336,sentence_audio,audio/sentences/char_u8336_v1.mp3,true,DRAFT
char_u5976,image,images/characters/char_u5976_main_v1.webp,true,DRAFT
char_u5976,character_audio,audio/characters/char_u5976_v1.mp3,true,DRAFT
char_u5976,meaning_audio,audio/meanings/meaning_char_u5976_v1.mp3,true,DRAFT
char_u5976,word_audio_1,audio/words/char_u5976_1_v1.mp3,true,DRAFT
char_u5976,word_audio_2,audio/words/char_u5976_2_v1.mp3,true,DRAFT
char_u5976,sentence_audio,audio/sentences/char_u5976_v1.mp3,true,DRAFT
char_u83dc,image,images/characters/char_u83dc_main_v1.webp,true,DRAFT
char_u83dc,character_audio,audio/characters/char_u83dc_v1.mp3,true,DRAFT
char_u83dc,meaning_audio,audio/meanings/meaning_char_u83dc_v1.mp3,true,DRAFT
char_u83dc,word_audio_1,audio/words/char_u83dc_1_v1.mp3,true,DRAFT
char_u83dc,word_audio_2,audio/words/char_u83dc_2_v1.mp3,true,DRAFT
char_u83dc,sentence_audio,audio/sentences/char_u83dc_v1.mp3,true,DRAFT
char_u8089,image,images/characters/char_u8089_main_v1.webp,true,DRAFT
char_u8089,character_audio,audio/characters/char_u8089_v1.mp3,true,DRAFT
char_u8089,meaning_audio,audio/meanings/meaning_char_u8089_v1.mp3,true,DRAFT
char_u8089,word_audio_1,audio/words/char_u8089_1_v1.mp3,true,DRAFT
char_u8089,word_audio_2,audio/words/char_u8089_2_v1.mp3,true,DRAFT
char_u8089,sentence_audio,audio/sentences/char_u8089_v1.mp3,true,DRAFT
char_u86cb,image,images/characters/char_u86cb_main_v1.webp,true,DRAFT
char_u86cb,character_audio,audio/characters/char_u86cb_v1.mp3,true,DRAFT
char_u86cb,meaning_audio,audio/meanings/meaning_char_u86cb_v1.mp3,true,DRAFT
char_u86cb,word_audio_1,audio/words/char_u86cb_1_v1.mp3,true,DRAFT
char_u86cb,word_audio_2,audio/words/char_u86cb_2_v1.mp3,true,DRAFT
char_u86cb,sentence_audio,audio/sentences/char_u86cb_v1.mp3,true,DRAFT
char_u732a,image,images/characters/char_u732a_main_v1.webp,true,DRAFT
char_u732a,character_audio,audio/characters/char_u732a_v1.mp3,true,DRAFT
char_u732a,meaning_audio,audio/meanings/meaning_char_u732a_v1.mp3,true,DRAFT
char_u732a,word_audio_1,audio/words/char_u732a_1_v1.mp3,true,DRAFT
char_u732a,word_audio_2,audio/words/char_u732a_2_v1.mp3,true,DRAFT
char_u732a,sentence_audio,audio/sentences/char_u732a_v1.mp3,true,DRAFT
char_u9e21,image,images/characters/char_u9e21_main_v1.webp,true,DRAFT
char_u9e21,character_audio,audio/characters/char_u9e21_v1.mp3,true,DRAFT
char_u9e21,meaning_audio,audio/meanings/meaning_char_u9e21_v1.mp3,true,DRAFT
char_u9e21,word_audio_1,audio/words/char_u9e21_1_v1.mp3,true,DRAFT
char_u9e21,word_audio_2,audio/words/char_u9e21_2_v1.mp3,true,DRAFT
char_u9e21,sentence_audio,audio/sentences/char_u9e21_v1.mp3,true,DRAFT
char_u9e2d,image,images/characters/char_u9e2d_main_v1.webp,true,DRAFT
char_u9e2d,character_audio,audio/characters/char_u9e2d_v1.mp3,true,DRAFT
char_u9e2d,meaning_audio,audio/meanings/meaning_char_u9e2d_v1.mp3,true,DRAFT
char_u9e2d,word_audio_1,audio/words/char_u9e2d_1_v1.mp3,true,DRAFT
char_u9e2d,word_audio_2,audio/words/char_u9e2d_2_v1.mp3,true,DRAFT
char_u9e2d,sentence_audio,audio/sentences/char_u9e2d_v1.mp3,true,DRAFT
char_u9e45,image,images/characters/char_u9e45_main_v1.webp,true,DRAFT
char_u9e45,character_audio,audio/characters/char_u9e45_v1.mp3,true,DRAFT
char_u9e45,meaning_audio,audio/meanings/meaning_char_u9e45_v1.mp3,true,DRAFT
char_u9e45,word_audio_1,audio/words/char_u9e45_1_v1.mp3,true,DRAFT
char_u9e45,word_audio_2,audio/words/char_u9e45_2_v1.mp3,true,DRAFT
char_u9e45,sentence_audio,audio/sentences/char_u9e45_v1.mp3,true,DRAFT
char_u718a,image,images/characters/char_u718a_main_v1.webp,true,DRAFT
char_u718a,character_audio,audio/characters/char_u718a_v1.mp3,true,DRAFT
char_u718a,meaning_audio,audio/meanings/meaning_char_u718a_v1.mp3,true,DRAFT
char_u718a,word_audio_1,audio/words/char_u718a_1_v1.mp3,true,DRAFT
char_u718a,word_audio_2,audio/words/char_u718a_2_v1.mp3,true,DRAFT
char_u718a,sentence_audio,audio/sentences/char_u718a_v1.mp3,true,DRAFT
char_u864e,image,images/characters/char_u864e_main_v1.webp,true,DRAFT
char_u864e,character_audio,audio/characters/char_u864e_v1.mp3,true,DRAFT
char_u864e,meaning_audio,audio/meanings/meaning_char_u864e_v1.mp3,true,DRAFT
char_u864e,word_audio_1,audio/words/char_u864e_1_v1.mp3,true,DRAFT
char_u864e,word_audio_2,audio/words/char_u864e_2_v1.mp3,true,DRAFT
char_u864e,sentence_audio,audio/sentences/char_u864e_v1.mp3,true,DRAFT
char_u72ee,image,images/characters/char_u72ee_main_v1.webp,true,DRAFT
char_u72ee,character_audio,audio/characters/char_u72ee_v1.mp3,true,DRAFT
char_u72ee,meaning_audio,audio/meanings/meaning_char_u72ee_v1.mp3,true,DRAFT
char_u72ee,word_audio_1,audio/words/char_u72ee_1_v1.mp3,true,DRAFT
char_u72ee,word_audio_2,audio/words/char_u72ee_2_v1.mp3,true,DRAFT
char_u72ee,sentence_audio,audio/sentences/char_u72ee_v1.mp3,true,DRAFT
char_u8c61,image,images/characters/char_u8c61_main_v1.webp,true,DRAFT
char_u8c61,character_audio,audio/characters/char_u8c61_v1.mp3,true,DRAFT
char_u8c61,meaning_audio,audio/meanings/meaning_char_u8c61_v1.mp3,true,DRAFT
char_u8c61,word_audio_1,audio/words/char_u8c61_1_v1.mp3,true,DRAFT
char_u8c61,word_audio_2,audio/words/char_u8c61_2_v1.mp3,true,DRAFT
char_u8c61,sentence_audio,audio/sentences/char_u8c61_v1.mp3,true,DRAFT
char_u7334,image,images/characters/char_u7334_main_v1.webp,true,DRAFT
char_u7334,character_audio,audio/characters/char_u7334_v1.mp3,true,DRAFT
char_u7334,meaning_audio,audio/meanings/meaning_char_u7334_v1.mp3,true,DRAFT
char_u7334,word_audio_1,audio/words/char_u7334_1_v1.mp3,true,DRAFT
char_u7334,word_audio_2,audio/words/char_u7334_2_v1.mp3,true,DRAFT
char_u7334,sentence_audio,audio/sentences/char_u7334_v1.mp3,true,DRAFT
char_u9e7f,image,images/characters/char_u9e7f_main_v1.webp,true,DRAFT
char_u9e7f,character_audio,audio/characters/char_u9e7f_v1.mp3,true,DRAFT
char_u9e7f,meaning_audio,audio/meanings/meaning_char_u9e7f_v1.mp3,true,DRAFT
char_u9e7f,word_audio_1,audio/words/char_u9e7f_1_v1.mp3,true,DRAFT
char_u9e7f,word_audio_2,audio/words/char_u9e7f_2_v1.mp3,true,DRAFT
char_u9e7f,sentence_audio,audio/sentences/char_u9e7f_v1.mp3,true,DRAFT
char_u9f20,image,images/characters/char_u9f20_main_v1.webp,true,DRAFT
char_u9f20,character_audio,audio/characters/char_u9f20_v1.mp3,true,DRAFT
char_u9f20,meaning_audio,audio/meanings/meaning_char_u9f20_v1.mp3,true,DRAFT
char_u9f20,word_audio_1,audio/words/char_u9f20_1_v1.mp3,true,DRAFT
char_u9f20,word_audio_2,audio/words/char_u9f20_2_v1.mp3,true,DRAFT
char_u9f20,sentence_audio,audio/sentences/char_u9f20_v1.mp3,true,DRAFT
char_u7259,image,images/characters/char_u7259_main_v1.webp,true,DRAFT
char_u7259,character_audio,audio/characters/char_u7259_v1.mp3,true,DRAFT
char_u7259,meaning_audio,audio/meanings/meaning_char_u7259_v1.mp3,true,DRAFT
char_u7259,word_audio_1,audio/words/char_u7259_1_v1.mp3,true,DRAFT
char_u7259,word_audio_2,audio/words/char_u7259_2_v1.mp3,true,DRAFT
char_u7259,sentence_audio,audio/sentences/char_u7259_v1.mp3,true,DRAFT
char_u8033,image,images/characters/char_u8033_main_v1.webp,true,DRAFT
char_u8033,character_audio,audio/characters/char_u8033_v1.mp3,true,DRAFT
char_u8033,meaning_audio,audio/meanings/meaning_char_u8033_v1.mp3,true,DRAFT
char_u8033,word_audio_1,audio/words/char_u8033_1_v1.mp3,true,DRAFT
char_u8033,word_audio_2,audio/words/char_u8033_2_v1.mp3,true,DRAFT
char_u8033,sentence_audio,audio/sentences/char_u8033_v1.mp3,true,DRAFT
char_u773c,image,images/characters/char_u773c_main_v1.webp,true,DRAFT
char_u773c,character_audio,audio/characters/char_u773c_v1.mp3,true,DRAFT
char_u773c,meaning_audio,audio/meanings/meaning_char_u773c_v1.mp3,true,DRAFT
char_u773c,word_audio_1,audio/words/char_u773c_1_v1.mp3,true,DRAFT
char_u773c,word_audio_2,audio/words/char_u773c_2_v1.mp3,true,DRAFT
char_u773c,sentence_audio,audio/sentences/char_u773c_v1.mp3,true,DRAFT
char_u9f3b,image,images/characters/char_u9f3b_main_v1.webp,true,DRAFT
char_u9f3b,character_audio,audio/characters/char_u9f3b_v1.mp3,true,DRAFT
char_u9f3b,meaning_audio,audio/meanings/meaning_char_u9f3b_v1.mp3,true,DRAFT
char_u9f3b,word_audio_1,audio/words/char_u9f3b_1_v1.mp3,true,DRAFT
char_u9f3b,word_audio_2,audio/words/char_u9f3b_2_v1.mp3,true,DRAFT
char_u9f3b,sentence_audio,audio/sentences/char_u9f3b_v1.mp3,true,DRAFT
char_u8138,image,images/characters/char_u8138_main_v1.webp,true,DRAFT
char_u8138,character_audio,audio/characters/char_u8138_v1.mp3,true,DRAFT
char_u8138,meaning_audio,audio/meanings/meaning_char_u8138_v1.mp3,true,DRAFT
char_u8138,word_audio_1,audio/words/char_u8138_1_v1.mp3,true,DRAFT
char_u8138,word_audio_2,audio/words/char_u8138_2_v1.mp3,true,DRAFT
char_u8138,sentence_audio,audio/sentences/char_u8138_v1.mp3,true,DRAFT
char_u811a,image,images/characters/char_u811a_main_v1.webp,true,DRAFT
char_u811a,character_audio,audio/characters/char_u811a_v1.mp3,true,DRAFT
char_u811a,meaning_audio,audio/meanings/meaning_char_u811a_v1.mp3,true,DRAFT
char_u811a,word_audio_1,audio/words/char_u811a_1_v1.mp3,true,DRAFT
char_u811a,word_audio_2,audio/words/char_u811a_2_v1.mp3,true,DRAFT
char_u811a,sentence_audio,audio/sentences/char_u811a_v1.mp3,true,DRAFT
char_u5fc3,image,images/characters/char_u5fc3_main_v1.webp,true,DRAFT
char_u5fc3,character_audio,audio/characters/char_u5fc3_v1.mp3,true,DRAFT
char_u5fc3,meaning_audio,audio/meanings/meaning_char_u5fc3_v1.mp3,true,DRAFT
char_u5fc3,word_audio_1,audio/words/char_u5fc3_1_v1.mp3,true,DRAFT
char_u5fc3,word_audio_2,audio/words/char_u5fc3_2_v1.mp3,true,DRAFT
char_u5fc3,sentence_audio,audio/sentences/char_u5fc3_v1.mp3,true,DRAFT
char_u8eab,image,images/characters/char_u8eab_main_v1.webp,true,DRAFT
char_u8eab,character_audio,audio/characters/char_u8eab_v1.mp3,true,DRAFT
char_u8eab,meaning_audio,audio/meanings/meaning_char_u8eab_v1.mp3,true,DRAFT
char_u8eab,word_audio_1,audio/words/char_u8eab_1_v1.mp3,true,DRAFT
char_u8eab,word_audio_2,audio/words/char_u8eab_2_v1.mp3,true,DRAFT
char_u8eab,sentence_audio,audio/sentences/char_u8eab_v1.mp3,true,DRAFT
char_u529b,image,images/characters/char_u529b_main_v1.webp,true,DRAFT
char_u529b,character_audio,audio/characters/char_u529b_v1.mp3,true,DRAFT
char_u529b,meaning_audio,audio/meanings/meaning_char_u529b_v1.mp3,true,DRAFT
char_u529b,word_audio_1,audio/words/char_u529b_1_v1.mp3,true,DRAFT
char_u529b,word_audio_2,audio/words/char_u529b_2_v1.mp3,true,DRAFT
char_u529b,sentence_audio,audio/sentences/char_u529b_v1.mp3,true,DRAFT
char_u6c14,image,images/characters/char_u6c14_main_v1.webp,true,DRAFT
char_u6c14,character_audio,audio/characters/char_u6c14_v1.mp3,true,DRAFT
char_u6c14,meaning_audio,audio/meanings/meaning_char_u6c14_v1.mp3,true,DRAFT
char_u6c14,word_audio_1,audio/words/char_u6c14_1_v1.mp3,true,DRAFT
char_u6c14,word_audio_2,audio/words/char_u6c14_2_v1.mp3,true,DRAFT
char_u6c14,sentence_audio,audio/sentences/char_u6c14_v1.mp3,true,DRAFT
char_u6bdb,image,images/characters/char_u6bdb_main_v1.webp,true,DRAFT
char_u6bdb,character_audio,audio/characters/char_u6bdb_v1.mp3,true,DRAFT
char_u6bdb,meaning_audio,audio/meanings/meaning_char_u6bdb_v1.mp3,true,DRAFT
char_u6bdb,word_audio_1,audio/words/char_u6bdb_1_v1.mp3,true,DRAFT
char_u6bdb,word_audio_2,audio/words/char_u6bdb_2_v1.mp3,true,DRAFT
char_u6bdb,sentence_audio,audio/sentences/char_u6bdb_v1.mp3,true,DRAFT
char_u76ae,image,images/characters/char_u76ae_main_v1.webp,true,DRAFT
char_u76ae,character_audio,audio/characters/char_u76ae_v1.mp3,true,DRAFT
char_u76ae,meaning_audio,audio/meanings/meaning_char_u76ae_v1.mp3,true,DRAFT
char_u76ae,word_audio_1,audio/words/char_u76ae_1_v1.mp3,true,DRAFT
char_u76ae,word_audio_2,audio/words/char_u76ae_2_v1.mp3,true,DRAFT
char_u76ae,sentence_audio,audio/sentences/char_u76ae_v1.mp3,true,DRAFT
char_u9aa8,image,images/characters/char_u9aa8_main_v1.webp,true,DRAFT
char_u9aa8,character_audio,audio/characters/char_u9aa8_v1.mp3,true,DRAFT
char_u9aa8,meaning_audio,audio/meanings/meaning_char_u9aa8_v1.mp3,true,DRAFT
char_u9aa8,word_audio_1,audio/words/char_u9aa8_1_v1.mp3,true,DRAFT
char_u9aa8,word_audio_2,audio/words/char_u9aa8_2_v1.mp3,true,DRAFT
char_u9aa8,sentence_audio,audio/sentences/char_u9aa8_v1.mp3,true,DRAFT
char_u7a7f,image,images/characters/char_u7a7f_main_v1.webp,true,DRAFT
char_u7a7f,character_audio,audio/characters/char_u7a7f_v1.mp3,true,DRAFT
char_u7a7f,meaning_audio,audio/meanings/meaning_char_u7a7f_v1.mp3,true,DRAFT
char_u7a7f,word_audio_1,audio/words/char_u7a7f_1_v1.mp3,true,DRAFT
char_u7a7f,word_audio_2,audio/words/char_u7a7f_2_v1.mp3,true,DRAFT
char_u7a7f,sentence_audio,audio/sentences/char_u7a7f_v1.mp3,true,DRAFT
char_u7ad9,image,images/characters/char_u7ad9_main_v1.webp,true,DRAFT
char_u7ad9,character_audio,audio/characters/char_u7ad9_v1.mp3,true,DRAFT
char_u7ad9,meaning_audio,audio/meanings/meaning_char_u7ad9_v1.mp3,true,DRAFT
char_u7ad9,word_audio_1,audio/words/char_u7ad9_1_v1.mp3,true,DRAFT
char_u7ad9,word_audio_2,audio/words/char_u7ad9_2_v1.mp3,true,DRAFT
char_u7ad9,sentence_audio,audio/sentences/char_u7ad9_v1.mp3,true,DRAFT
char_u5750,image,images/characters/char_u5750_main_v1.webp,true,DRAFT
char_u5750,character_audio,audio/characters/char_u5750_v1.mp3,true,DRAFT
char_u5750,meaning_audio,audio/meanings/meaning_char_u5750_v1.mp3,true,DRAFT
char_u5750,word_audio_1,audio/words/char_u5750_1_v1.mp3,true,DRAFT
char_u5750,word_audio_2,audio/words/char_u5750_2_v1.mp3,true,DRAFT
char_u5750,sentence_audio,audio/sentences/char_u5750_v1.mp3,true,DRAFT
char_u54ed,image,images/characters/char_u54ed_main_v1.webp,true,DRAFT
char_u54ed,character_audio,audio/characters/char_u54ed_v1.mp3,true,DRAFT
char_u54ed,meaning_audio,audio/meanings/meaning_char_u54ed_v1.mp3,true,DRAFT
char_u54ed,word_audio_1,audio/words/char_u54ed_1_v1.mp3,true,DRAFT
char_u54ed,word_audio_2,audio/words/char_u54ed_2_v1.mp3,true,DRAFT
char_u54ed,sentence_audio,audio/sentences/char_u54ed_v1.mp3,true,DRAFT
char_u4f4f,image,images/characters/char_u4f4f_main_v1.webp,true,DRAFT
char_u4f4f,character_audio,audio/characters/char_u4f4f_v1.mp3,true,DRAFT
char_u4f4f,meaning_audio,audio/meanings/meaning_char_u4f4f_v1.mp3,true,DRAFT
char_u4f4f,word_audio_1,audio/words/char_u4f4f_1_v1.mp3,true,DRAFT
char_u4f4f,word_audio_2,audio/words/char_u4f4f_2_v1.mp3,true,DRAFT
char_u4f4f,sentence_audio,audio/sentences/char_u4f4f_v1.mp3,true,DRAFT
char_u73a9,image,images/characters/char_u73a9_main_v1.webp,true,DRAFT
char_u73a9,character_audio,audio/characters/char_u73a9_v1.mp3,true,DRAFT
char_u73a9,meaning_audio,audio/meanings/meaning_char_u73a9_v1.mp3,true,DRAFT
char_u73a9,word_audio_1,audio/words/char_u73a9_1_v1.mp3,true,DRAFT
char_u73a9,word_audio_2,audio/words/char_u73a9_2_v1.mp3,true,DRAFT
char_u73a9,sentence_audio,audio/sentences/char_u73a9_v1.mp3,true,DRAFT
char_u505a,image,images/characters/char_u505a_main_v1.webp,true,DRAFT
char_u505a,character_audio,audio/characters/char_u505a_v1.mp3,true,DRAFT
char_u505a,meaning_audio,audio/meanings/meaning_char_u505a_v1.mp3,true,DRAFT
char_u505a,word_audio_1,audio/words/char_u505a_1_v1.mp3,true,DRAFT
char_u505a,word_audio_2,audio/words/char_u505a_2_v1.mp3,true,DRAFT
char_u505a,sentence_audio,audio/sentences/char_u505a_v1.mp3,true,DRAFT
char_u7528,image,images/characters/char_u7528_main_v1.webp,true,DRAFT
char_u7528,character_audio,audio/characters/char_u7528_v1.mp3,true,DRAFT
char_u7528,meaning_audio,audio/meanings/meaning_char_u7528_v1.mp3,true,DRAFT
char_u7528,word_audio_1,audio/words/char_u7528_1_v1.mp3,true,DRAFT
char_u7528,word_audio_2,audio/words/char_u7528_2_v1.mp3,true,DRAFT
char_u7528,sentence_audio,audio/sentences/char_u7528_v1.mp3,true,DRAFT
char_u627e,image,images/characters/char_u627e_main_v1.webp,true,DRAFT
char_u627e,character_audio,audio/characters/char_u627e_v1.mp3,true,DRAFT
char_u627e,meaning_audio,audio/meanings/meaning_char_u627e_v1.mp3,true,DRAFT
char_u627e,word_audio_1,audio/words/char_u627e_1_v1.mp3,true,DRAFT
char_u627e,word_audio_2,audio/words/char_u627e_2_v1.mp3,true,DRAFT
char_u627e,sentence_audio,audio/sentences/char_u627e_v1.mp3,true,DRAFT
char_u62ff,image,images/characters/char_u62ff_main_v1.webp,true,DRAFT
char_u62ff,character_audio,audio/characters/char_u62ff_v1.mp3,true,DRAFT
char_u62ff,meaning_audio,audio/meanings/meaning_char_u62ff_v1.mp3,true,DRAFT
char_u62ff,word_audio_1,audio/words/char_u62ff_1_v1.mp3,true,DRAFT
char_u62ff,word_audio_2,audio/words/char_u62ff_2_v1.mp3,true,DRAFT
char_u62ff,sentence_audio,audio/sentences/char_u62ff_v1.mp3,true,DRAFT
char_u653e,image,images/characters/char_u653e_main_v1.webp,true,DRAFT
char_u653e,character_audio,audio/characters/char_u653e_v1.mp3,true,DRAFT
char_u653e,meaning_audio,audio/meanings/meaning_char_u653e_v1.mp3,true,DRAFT
char_u653e,word_audio_1,audio/words/char_u653e_1_v1.mp3,true,DRAFT
char_u653e,word_audio_2,audio/words/char_u653e_2_v1.mp3,true,DRAFT
char_u653e,sentence_audio,audio/sentences/char_u653e_v1.mp3,true,DRAFT
char_u6545,image,images/characters/char_u6545_main_v1.webp,true,DRAFT
char_u6545,character_audio,audio/characters/char_u6545_v1.mp3,true,DRAFT
char_u6545,meaning_audio,audio/meanings/meaning_char_u6545_v1.mp3,true,DRAFT
char_u6545,word_audio_1,audio/words/char_u6545_1_v1.mp3,true,DRAFT
char_u6545,word_audio_2,audio/words/char_u6545_2_v1.mp3,true,DRAFT
char_u6545,sentence_audio,audio/sentences/char_u6545_v1.mp3,true,DRAFT
char_u4e8b,image,images/characters/char_u4e8b_main_v1.webp,true,DRAFT
char_u4e8b,character_audio,audio/characters/char_u4e8b_v1.mp3,true,DRAFT
char_u4e8b,meaning_audio,audio/meanings/meaning_char_u4e8b_v1.mp3,true,DRAFT
char_u4e8b,word_audio_1,audio/words/char_u4e8b_1_v1.mp3,true,DRAFT
char_u4e8b,word_audio_2,audio/words/char_u4e8b_2_v1.mp3,true,DRAFT
char_u4e8b,sentence_audio,audio/sentences/char_u4e8b_v1.mp3,true,DRAFT
char_u670b,image,images/characters/char_u670b_main_v1.webp,true,DRAFT
char_u670b,character_audio,audio/characters/char_u670b_v1.mp3,true,DRAFT
char_u670b,meaning_audio,audio/meanings/meaning_char_u670b_v1.mp3,true,DRAFT
char_u670b,word_audio_1,audio/words/char_u670b_1_v1.mp3,true,DRAFT
char_u670b,word_audio_2,audio/words/char_u670b_2_v1.mp3,true,DRAFT
char_u670b,sentence_audio,audio/sentences/char_u670b_v1.mp3,true,DRAFT
char_u54e5,image,images/characters/char_u54e5_main_v1.webp,true,DRAFT
char_u54e5,character_audio,audio/characters/char_u54e5_v1.mp3,true,DRAFT
char_u54e5,meaning_audio,audio/meanings/meaning_char_u54e5_v1.mp3,true,DRAFT
char_u54e5,word_audio_1,audio/words/char_u54e5_1_v1.mp3,true,DRAFT
char_u54e5,word_audio_2,audio/words/char_u54e5_2_v1.mp3,true,DRAFT
char_u54e5,sentence_audio,audio/sentences/char_u54e5_v1.mp3,true,DRAFT
char_u59d0,image,images/characters/char_u59d0_main_v1.webp,true,DRAFT
char_u59d0,character_audio,audio/characters/char_u59d0_v1.mp3,true,DRAFT
char_u59d0,meaning_audio,audio/meanings/meaning_char_u59d0_v1.mp3,true,DRAFT
char_u59d0,word_audio_1,audio/words/char_u59d0_1_v1.mp3,true,DRAFT
char_u59d0,word_audio_2,audio/words/char_u59d0_2_v1.mp3,true,DRAFT
char_u59d0,sentence_audio,audio/sentences/char_u59d0_v1.mp3,true,DRAFT
char_u5f1f,image,images/characters/char_u5f1f_main_v1.webp,true,DRAFT
char_u5f1f,character_audio,audio/characters/char_u5f1f_v1.mp3,true,DRAFT
char_u5f1f,meaning_audio,audio/meanings/meaning_char_u5f1f_v1.mp3,true,DRAFT
char_u5f1f,word_audio_1,audio/words/char_u5f1f_1_v1.mp3,true,DRAFT
char_u5f1f,word_audio_2,audio/words/char_u5f1f_2_v1.mp3,true,DRAFT
char_u5f1f,sentence_audio,audio/sentences/char_u5f1f_v1.mp3,true,DRAFT
char_u59b9,image,images/characters/char_u59b9_main_v1.webp,true,DRAFT
char_u59b9,character_audio,audio/characters/char_u59b9_v1.mp3,true,DRAFT
char_u59b9,meaning_audio,audio/meanings/meaning_char_u59b9_v1.mp3,true,DRAFT
char_u59b9,word_audio_1,audio/words/char_u59b9_1_v1.mp3,true,DRAFT
char_u59b9,word_audio_2,audio/words/char_u59b9_2_v1.mp3,true,DRAFT
char_u59b9,sentence_audio,audio/sentences/char_u59b9_v1.mp3,true,DRAFT
char_u5b9d,image,images/characters/char_u5b9d_main_v1.webp,true,DRAFT
char_u5b9d,character_audio,audio/characters/char_u5b9d_v1.mp3,true,DRAFT
char_u5b9d,meaning_audio,audio/meanings/meaning_char_u5b9d_v1.mp3,true,DRAFT
char_u5b9d,word_audio_1,audio/words/char_u5b9d_1_v1.mp3,true,DRAFT
char_u5b9d,word_audio_2,audio/words/char_u5b9d_2_v1.mp3,true,DRAFT
char_u5b9d,sentence_audio,audio/sentences/char_u5b9d_v1.mp3,true,DRAFT
char_u5b69,image,images/characters/char_u5b69_main_v1.webp,true,DRAFT
char_u5b69,character_audio,audio/characters/char_u5b69_v1.mp3,true,DRAFT
char_u5b69,meaning_audio,audio/meanings/meaning_char_u5b69_v1.mp3,true,DRAFT
char_u5b69,word_audio_1,audio/words/char_u5b69_1_v1.mp3,true,DRAFT
char_u5b69,word_audio_2,audio/words/char_u5b69_2_v1.mp3,true,DRAFT
char_u5b69,sentence_audio,audio/sentences/char_u5b69_v1.mp3,true,DRAFT
char_u5b50,image,images/characters/char_u5b50_main_v1.webp,true,DRAFT
char_u5b50,character_audio,audio/characters/char_u5b50_v1.mp3,true,DRAFT
char_u5b50,meaning_audio,audio/meanings/meaning_char_u5b50_v1.mp3,true,DRAFT
char_u5b50,word_audio_1,audio/words/char_u5b50_1_v1.mp3,true,DRAFT
char_u5b50,word_audio_2,audio/words/char_u5b50_2_v1.mp3,true,DRAFT
char_u5b50,sentence_audio,audio/sentences/char_u5b50_v1.mp3,true,DRAFT
char_u533b,image,images/characters/char_u533b_main_v1.webp,true,DRAFT
char_u533b,character_audio,audio/characters/char_u533b_v1.mp3,true,DRAFT
char_u533b,meaning_audio,audio/meanings/meaning_char_u533b_v1.mp3,true,DRAFT
char_u533b,word_audio_1,audio/words/char_u533b_1_v1.mp3,true,DRAFT
char_u533b,word_audio_2,audio/words/char_u533b_2_v1.mp3,true,DRAFT
char_u533b,sentence_audio,audio/sentences/char_u533b_v1.mp3,true,DRAFT
char_u62a4,image,images/characters/char_u62a4_main_v1.webp,true,DRAFT
char_u62a4,character_audio,audio/characters/char_u62a4_v1.mp3,true,DRAFT
char_u62a4,meaning_audio,audio/meanings/meaning_char_u62a4_v1.mp3,true,DRAFT
char_u62a4,word_audio_1,audio/words/char_u62a4_1_v1.mp3,true,DRAFT
char_u62a4,word_audio_2,audio/words/char_u62a4_2_v1.mp3,true,DRAFT
char_u62a4,sentence_audio,audio/sentences/char_u62a4_v1.mp3,true,DRAFT
char_u58eb,image,images/characters/char_u58eb_main_v1.webp,true,DRAFT
char_u58eb,character_audio,audio/characters/char_u58eb_v1.mp3,true,DRAFT
char_u58eb,meaning_audio,audio/meanings/meaning_char_u58eb_v1.mp3,true,DRAFT
char_u58eb,word_audio_1,audio/words/char_u58eb_1_v1.mp3,true,DRAFT
char_u58eb,word_audio_2,audio/words/char_u58eb_2_v1.mp3,true,DRAFT
char_u58eb,sentence_audio,audio/sentences/char_u58eb_v1.mp3,true,DRAFT
char_u8b66,image,images/characters/char_u8b66_main_v1.webp,true,DRAFT
char_u8b66,character_audio,audio/characters/char_u8b66_v1.mp3,true,DRAFT
char_u8b66,meaning_audio,audio/meanings/meaning_char_u8b66_v1.mp3,true,DRAFT
char_u8b66,word_audio_1,audio/words/char_u8b66_1_v1.mp3,true,DRAFT
char_u8b66,word_audio_2,audio/words/char_u8b66_2_v1.mp3,true,DRAFT
char_u8b66,sentence_audio,audio/sentences/char_u8b66_v1.mp3,true,DRAFT
char_u5bdf,image,images/characters/char_u5bdf_main_v1.webp,true,DRAFT
char_u5bdf,character_audio,audio/characters/char_u5bdf_v1.mp3,true,DRAFT
char_u5bdf,meaning_audio,audio/meanings/meaning_char_u5bdf_v1.mp3,true,DRAFT
char_u5bdf,word_audio_1,audio/words/char_u5bdf_1_v1.mp3,true,DRAFT
char_u5bdf,word_audio_2,audio/words/char_u5bdf_2_v1.mp3,true,DRAFT
char_u5bdf,sentence_audio,audio/sentences/char_u5bdf_v1.mp3,true,DRAFT
char_u519c,image,images/characters/char_u519c_main_v1.webp,true,DRAFT
char_u519c,character_audio,audio/characters/char_u519c_v1.mp3,true,DRAFT
char_u519c,meaning_audio,audio/meanings/meaning_char_u519c_v1.mp3,true,DRAFT
char_u519c,word_audio_1,audio/words/char_u519c_1_v1.mp3,true,DRAFT
char_u519c,word_audio_2,audio/words/char_u519c_2_v1.mp3,true,DRAFT
char_u519c,sentence_audio,audio/sentences/char_u519c_v1.mp3,true,DRAFT
char_u6c11,image,images/characters/char_u6c11_main_v1.webp,true,DRAFT
char_u6c11,character_audio,audio/characters/char_u6c11_v1.mp3,true,DRAFT
char_u6c11,meaning_audio,audio/meanings/meaning_char_u6c11_v1.mp3,true,DRAFT
char_u6c11,word_audio_1,audio/words/char_u6c11_1_v1.mp3,true,DRAFT
char_u6c11,word_audio_2,audio/words/char_u6c11_2_v1.mp3,true,DRAFT
char_u6c11,sentence_audio,audio/sentences/char_u6c11_v1.mp3,true,DRAFT
char_u5de5,image,images/characters/char_u5de5_main_v1.webp,true,DRAFT
char_u5de5,character_audio,audio/characters/char_u5de5_v1.mp3,true,DRAFT
char_u5de5,meaning_audio,audio/meanings/meaning_char_u5de5_v1.mp3,true,DRAFT
char_u5de5,word_audio_1,audio/words/char_u5de5_1_v1.mp3,true,DRAFT
char_u5de5,word_audio_2,audio/words/char_u5de5_2_v1.mp3,true,DRAFT
char_u5de5,sentence_audio,audio/sentences/char_u5de5_v1.mp3,true,DRAFT
char_u8c22,image,images/characters/char_u8c22_main_v1.webp,true,DRAFT
char_u8c22,character_audio,audio/characters/char_u8c22_v1.mp3,true,DRAFT
char_u8c22,meaning_audio,audio/meanings/meaning_char_u8c22_v1.mp3,true,DRAFT
char_u8c22,word_audio_1,audio/words/char_u8c22_1_v1.mp3,true,DRAFT
char_u8c22,word_audio_2,audio/words/char_u8c22_2_v1.mp3,true,DRAFT
char_u8c22,sentence_audio,audio/sentences/char_u8c22_v1.mp3,true,DRAFT
char_u8bf7,image,images/characters/char_u8bf7_main_v1.webp,true,DRAFT
char_u8bf7,character_audio,audio/characters/char_u8bf7_v1.mp3,true,DRAFT
char_u8bf7,meaning_audio,audio/meanings/meaning_char_u8bf7_v1.mp3,true,DRAFT
char_u8bf7,word_audio_1,audio/words/char_u8bf7_1_v1.mp3,true,DRAFT
char_u8bf7,word_audio_2,audio/words/char_u8bf7_2_v1.mp3,true,DRAFT
char_u8bf7,sentence_audio,audio/sentences/char_u8bf7_v1.mp3,true,DRAFT
char_u95ee,image,images/characters/char_u95ee_main_v1.webp,true,DRAFT
char_u95ee,character_audio,audio/characters/char_u95ee_v1.mp3,true,DRAFT
char_u95ee,meaning_audio,audio/meanings/meaning_char_u95ee_v1.mp3,true,DRAFT
char_u95ee,word_audio_1,audio/words/char_u95ee_1_v1.mp3,true,DRAFT
char_u95ee,word_audio_2,audio/words/char_u95ee_2_v1.mp3,true,DRAFT
char_u95ee,sentence_audio,audio/sentences/char_u95ee_v1.mp3,true,DRAFT
char_u5bf9,image,images/characters/char_u5bf9_main_v1.webp,true,DRAFT
char_u5bf9,character_audio,audio/characters/char_u5bf9_v1.mp3,true,DRAFT
char_u5bf9,meaning_audio,audio/meanings/meaning_char_u5bf9_v1.mp3,true,DRAFT
char_u5bf9,word_audio_1,audio/words/char_u5bf9_1_v1.mp3,true,DRAFT
char_u5bf9,word_audio_2,audio/words/char_u5bf9_2_v1.mp3,true,DRAFT
char_u5bf9,sentence_audio,audio/sentences/char_u5bf9_v1.mp3,true,DRAFT
char_u8d77,image,images/characters/char_u8d77_main_v1.webp,true,DRAFT
char_u8d77,character_audio,audio/characters/char_u8d77_v1.mp3,true,DRAFT
char_u8d77,meaning_audio,audio/meanings/meaning_char_u8d77_v1.mp3,true,DRAFT
char_u8d77,word_audio_1,audio/words/char_u8d77_1_v1.mp3,true,DRAFT
char_u8d77,word_audio_2,audio/words/char_u8d77_2_v1.mp3,true,DRAFT
char_u8d77,sentence_audio,audio/sentences/char_u8d77_v1.mp3,true,DRAFT
char_u6b22,image,images/characters/char_u6b22_main_v1.webp,true,DRAFT
char_u6b22,character_audio,audio/characters/char_u6b22_v1.mp3,true,DRAFT
char_u6b22,meaning_audio,audio/meanings/meaning_char_u6b22_v1.mp3,true,DRAFT
char_u6b22,word_audio_1,audio/words/char_u6b22_1_v1.mp3,true,DRAFT
char_u6b22,word_audio_2,audio/words/char_u6b22_2_v1.mp3,true,DRAFT
char_u6b22,sentence_audio,audio/sentences/char_u6b22_v1.mp3,true,DRAFT
char_u8fce,image,images/characters/char_u8fce_main_v1.webp,true,DRAFT
char_u8fce,character_audio,audio/characters/char_u8fce_v1.mp3,true,DRAFT
char_u8fce,meaning_audio,audio/meanings/meaning_char_u8fce_v1.mp3,true,DRAFT
char_u8fce,word_audio_1,audio/words/char_u8fce_1_v1.mp3,true,DRAFT
char_u8fce,word_audio_2,audio/words/char_u8fce_2_v1.mp3,true,DRAFT
char_u8fce,sentence_audio,audio/sentences/char_u8fce_v1.mp3,true,DRAFT
char_u5b89,image,images/characters/char_u5b89_main_v1.webp,true,DRAFT
char_u5b89,character_audio,audio/characters/char_u5b89_v1.mp3,true,DRAFT
char_u5b89,meaning_audio,audio/meanings/meaning_char_u5b89_v1.mp3,true,DRAFT
char_u5b89,word_audio_1,audio/words/char_u5b89_1_v1.mp3,true,DRAFT
char_u5b89,word_audio_2,audio/words/char_u5b89_2_v1.mp3,true,DRAFT
char_u5b89,sentence_audio,audio/sentences/char_u5b89_v1.mp3,true,DRAFT
char_u5168,image,images/characters/char_u5168_main_v1.webp,true,DRAFT
char_u5168,character_audio,audio/characters/char_u5168_v1.mp3,true,DRAFT
char_u5168,meaning_audio,audio/meanings/meaning_char_u5168_v1.mp3,true,DRAFT
char_u5168,word_audio_1,audio/words/char_u5168_1_v1.mp3,true,DRAFT
char_u5168,word_audio_2,audio/words/char_u5168_2_v1.mp3,true,DRAFT
char_u5168,sentence_audio,audio/sentences/char_u5168_v1.mp3,true,DRAFT
char_u5e2e,image,images/characters/char_u5e2e_main_v1.webp,true,DRAFT
char_u5e2e,character_audio,audio/characters/char_u5e2e_v1.mp3,true,DRAFT
char_u5e2e,meaning_audio,audio/meanings/meaning_char_u5e2e_v1.mp3,true,DRAFT
char_u5e2e,word_audio_1,audio/words/char_u5e2e_1_v1.mp3,true,DRAFT
char_u5e2e,word_audio_2,audio/words/char_u5e2e_2_v1.mp3,true,DRAFT
char_u5e2e,sentence_audio,audio/sentences/char_u5e2e_v1.mp3,true,DRAFT
char_u52a9,image,images/characters/char_u52a9_main_v1.webp,true,DRAFT
char_u52a9,character_audio,audio/characters/char_u52a9_v1.mp3,true,DRAFT
char_u52a9,meaning_audio,audio/meanings/meaning_char_u52a9_v1.mp3,true,DRAFT
char_u52a9,word_audio_1,audio/words/char_u52a9_1_v1.mp3,true,DRAFT
char_u52a9,word_audio_2,audio/words/char_u52a9_2_v1.mp3,true,DRAFT
char_u52a9,sentence_audio,audio/sentences/char_u52a9_v1.mp3,true,DRAFT
char_u559c,image,images/characters/char_u559c_main_v1.webp,true,DRAFT
char_u559c,character_audio,audio/characters/char_u559c_v1.mp3,true,DRAFT
char_u559c,meaning_audio,audio/meanings/meaning_char_u559c_v1.mp3,true,DRAFT
char_u559c,word_audio_1,audio/words/char_u559c_1_v1.mp3,true,DRAFT
char_u559c,word_audio_2,audio/words/char_u559c_2_v1.mp3,true,DRAFT
char_u559c,sentence_audio,audio/sentences/char_u559c_v1.mp3,true,DRAFT
char_u6e38,image,images/characters/char_u6e38_main_v1.webp,true,DRAFT
char_u6e38,character_audio,audio/characters/char_u6e38_v1.mp3,true,DRAFT
char_u6e38,meaning_audio,audio/meanings/meaning_char_u6e38_v1.mp3,true,DRAFT
char_u6e38,word_audio_1,audio/words/char_u6e38_1_v1.mp3,true,DRAFT
char_u6e38,word_audio_2,audio/words/char_u6e38_2_v1.mp3,true,DRAFT
char_u6e38,sentence_audio,audio/sentences/char_u6e38_v1.mp3,true,DRAFT
char_u620f,image,images/characters/char_u620f_main_v1.webp,true,DRAFT
char_u620f,character_audio,audio/characters/char_u620f_v1.mp3,true,DRAFT
char_u620f,meaning_audio,audio/meanings/meaning_char_u620f_v1.mp3,true,DRAFT
char_u620f,word_audio_1,audio/words/char_u620f_1_v1.mp3,true,DRAFT
char_u620f,word_audio_2,audio/words/char_u620f_2_v1.mp3,true,DRAFT
char_u620f,sentence_audio,audio/sentences/char_u620f_v1.mp3,true,DRAFT
char_u793c,image,images/characters/char_u793c_main_v1.webp,true,DRAFT
char_u793c,character_audio,audio/characters/char_u793c_v1.mp3,true,DRAFT
char_u793c,meaning_audio,audio/meanings/meaning_char_u793c_v1.mp3,true,DRAFT
char_u793c,word_audio_1,audio/words/char_u793c_1_v1.mp3,true,DRAFT
char_u793c,word_audio_2,audio/words/char_u793c_2_v1.mp3,true,DRAFT
char_u793c,sentence_audio,audio/sentences/char_u793c_v1.mp3,true,DRAFT
char_u7269,image,images/characters/char_u7269_main_v1.webp,true,DRAFT
char_u7269,character_audio,audio/characters/char_u7269_v1.mp3,true,DRAFT
char_u7269,meaning_audio,audio/meanings/meaning_char_u7269_v1.mp3,true,DRAFT
char_u7269,word_audio_1,audio/words/char_u7269_1_v1.mp3,true,DRAFT
char_u7269,word_audio_2,audio/words/char_u7269_2_v1.mp3,true,DRAFT
char_u7269,sentence_audio,audio/sentences/char_u7269_v1.mp3,true,DRAFT
char_u8282,image,images/characters/char_u8282_main_v1.webp,true,DRAFT
char_u8282,character_audio,audio/characters/char_u8282_v1.mp3,true,DRAFT
char_u8282,meaning_audio,audio/meanings/meaning_char_u8282_v1.mp3,true,DRAFT
char_u8282,word_audio_1,audio/words/char_u8282_1_v1.mp3,true,DRAFT
char_u8282,word_audio_2,audio/words/char_u8282_2_v1.mp3,true,DRAFT
char_u8282,sentence_audio,audio/sentences/char_u8282_v1.mp3,true,DRAFT
char_u9633,image,images/characters/char_u9633_main_v1.webp,true,DRAFT
char_u9633,character_audio,audio/characters/char_u9633_v1.mp3,true,DRAFT
char_u9633,meaning_audio,audio/meanings/meaning_char_u9633_v1.mp3,true,DRAFT
char_u9633,word_audio_1,audio/words/char_u9633_1_v1.mp3,true,DRAFT
char_u9633,word_audio_2,audio/words/char_u9633_2_v1.mp3,true,DRAFT
char_u9633,sentence_audio,audio/sentences/char_u9633_v1.mp3,true,DRAFT
char_u4eae,image,images/characters/char_u4eae_main_v1.webp,true,DRAFT
char_u4eae,character_audio,audio/characters/char_u4eae_v1.mp3,true,DRAFT
char_u4eae,meaning_audio,audio/meanings/meaning_char_u4eae_v1.mp3,true,DRAFT
char_u4eae,word_audio_1,audio/words/char_u4eae_1_v1.mp3,true,DRAFT
char_u4eae,word_audio_2,audio/words/char_u4eae_2_v1.mp3,true,DRAFT
char_u4eae,sentence_audio,audio/sentences/char_u4eae_v1.mp3,true,DRAFT
char_u5f69,image,images/characters/char_u5f69_main_v1.webp,true,DRAFT
char_u5f69,character_audio,audio/characters/char_u5f69_v1.mp3,true,DRAFT
char_u5f69,meaning_audio,audio/meanings/meaning_char_u5f69_v1.mp3,true,DRAFT
char_u5f69,word_audio_1,audio/words/char_u5f69_1_v1.mp3,true,DRAFT
char_u5f69,word_audio_2,audio/words/char_u5f69_2_v1.mp3,true,DRAFT
char_u5f69,sentence_audio,audio/sentences/char_u5f69_v1.mp3,true,DRAFT
char_u8679,image,images/characters/char_u8679_main_v1.webp,true,DRAFT
char_u8679,character_audio,audio/characters/char_u8679_v1.mp3,true,DRAFT
char_u8679,meaning_audio,audio/meanings/meaning_char_u8679_v1.mp3,true,DRAFT
char_u8679,word_audio_1,audio/words/char_u8679_1_v1.mp3,true,DRAFT
char_u8679,word_audio_2,audio/words/char_u8679_2_v1.mp3,true,DRAFT
char_u8679,sentence_audio,audio/sentences/char_u8679_v1.mp3,true,DRAFT
char_u68ee,image,images/characters/char_u68ee_main_v1.webp,true,DRAFT
char_u68ee,character_audio,audio/characters/char_u68ee_v1.mp3,true,DRAFT
char_u68ee,meaning_audio,audio/meanings/meaning_char_u68ee_v1.mp3,true,DRAFT
char_u68ee,word_audio_1,audio/words/char_u68ee_1_v1.mp3,true,DRAFT
char_u68ee,word_audio_2,audio/words/char_u68ee_2_v1.mp3,true,DRAFT
char_u68ee,sentence_audio,audio/sentences/char_u68ee_v1.mp3,true,DRAFT
char_u6797,image,images/characters/char_u6797_main_v1.webp,true,DRAFT
char_u6797,character_audio,audio/characters/char_u6797_v1.mp3,true,DRAFT
char_u6797,meaning_audio,audio/meanings/meaning_char_u6797_v1.mp3,true,DRAFT
char_u6797,word_audio_1,audio/words/char_u6797_1_v1.mp3,true,DRAFT
char_u6797,word_audio_2,audio/words/char_u6797_2_v1.mp3,true,DRAFT
char_u6797,sentence_audio,audio/sentences/char_u6797_v1.mp3,true,DRAFT
char_u539f,image,images/characters/char_u539f_main_v1.webp,true,DRAFT
char_u539f,character_audio,audio/characters/char_u539f_v1.mp3,true,DRAFT
char_u539f,meaning_audio,audio/meanings/meaning_char_u539f_v1.mp3,true,DRAFT
char_u539f,word_audio_1,audio/words/char_u539f_1_v1.mp3,true,DRAFT
char_u539f,word_audio_2,audio/words/char_u539f_2_v1.mp3,true,DRAFT
char_u539f,sentence_audio,audio/sentences/char_u539f_v1.mp3,true,DRAFT
char_u516c,image,images/characters/char_u516c_main_v1.webp,true,DRAFT
char_u516c,character_audio,audio/characters/char_u516c_v1.mp3,true,DRAFT
char_u516c,meaning_audio,audio/meanings/meaning_char_u516c_v1.mp3,true,DRAFT
char_u516c,word_audio_1,audio/words/char_u516c_1_v1.mp3,true,DRAFT
char_u516c,word_audio_2,audio/words/char_u516c_2_v1.mp3,true,DRAFT
char_u516c,sentence_audio,audio/sentences/char_u516c_v1.mp3,true,DRAFT
char_u56ed,image,images/characters/char_u56ed_main_v1.webp,true,DRAFT
char_u56ed,character_audio,audio/characters/char_u56ed_v1.mp3,true,DRAFT
char_u56ed,meaning_audio,audio/meanings/meaning_char_u56ed_v1.mp3,true,DRAFT
char_u56ed,word_audio_1,audio/words/char_u56ed_1_v1.mp3,true,DRAFT
char_u56ed,word_audio_2,audio/words/char_u56ed_2_v1.mp3,true,DRAFT
char_u56ed,sentence_audio,audio/sentences/char_u56ed_v1.mp3,true,DRAFT
char_u9662,image,images/characters/char_u9662_main_v1.webp,true,DRAFT
char_u9662,character_audio,audio/characters/char_u9662_v1.mp3,true,DRAFT
char_u9662,meaning_audio,audio/meanings/meaning_char_u9662_v1.mp3,true,DRAFT
char_u9662,word_audio_1,audio/words/char_u9662_1_v1.mp3,true,DRAFT
char_u9662,word_audio_2,audio/words/char_u9662_2_v1.mp3,true,DRAFT
char_u9662,sentence_audio,audio/sentences/char_u9662_v1.mp3,true,DRAFT
char_u5546,image,images/characters/char_u5546_main_v1.webp,true,DRAFT
char_u5546,character_audio,audio/characters/char_u5546_v1.mp3,true,DRAFT
char_u5546,meaning_audio,audio/meanings/meaning_char_u5546_v1.mp3,true,DRAFT
char_u5546,word_audio_1,audio/words/char_u5546_1_v1.mp3,true,DRAFT
char_u5546,word_audio_2,audio/words/char_u5546_2_v1.mp3,true,DRAFT
char_u5546,sentence_audio,audio/sentences/char_u5546_v1.mp3,true,DRAFT
char_u5e97,image,images/characters/char_u5e97_main_v1.webp,true,DRAFT
char_u5e97,character_audio,audio/characters/char_u5e97_v1.mp3,true,DRAFT
char_u5e97,meaning_audio,audio/meanings/meaning_char_u5e97_v1.mp3,true,DRAFT
char_u5e97,word_audio_1,audio/words/char_u5e97_1_v1.mp3,true,DRAFT
char_u5e97,word_audio_2,audio/words/char_u5e97_2_v1.mp3,true,DRAFT
char_u5e97,sentence_audio,audio/sentences/char_u5e97_v1.mp3,true,DRAFT
char_u53a8,image,images/characters/char_u53a8_main_v1.webp,true,DRAFT
char_u53a8,character_audio,audio/characters/char_u53a8_v1.mp3,true,DRAFT
char_u53a8,meaning_audio,audio/meanings/meaning_char_u53a8_v1.mp3,true,DRAFT
char_u53a8,word_audio_1,audio/words/char_u53a8_1_v1.mp3,true,DRAFT
char_u53a8,word_audio_2,audio/words/char_u53a8_2_v1.mp3,true,DRAFT
char_u53a8,sentence_audio,audio/sentences/char_u53a8_v1.mp3,true,DRAFT
char_u5395,image,images/characters/char_u5395_main_v1.webp,true,DRAFT
char_u5395,character_audio,audio/characters/char_u5395_v1.mp3,true,DRAFT
char_u5395,meaning_audio,audio/meanings/meaning_char_u5395_v1.mp3,true,DRAFT
char_u5395,word_audio_1,audio/words/char_u5395_1_v1.mp3,true,DRAFT
char_u5395,word_audio_2,audio/words/char_u5395_2_v1.mp3,true,DRAFT
char_u5395,sentence_audio,audio/sentences/char_u5395_v1.mp3,true,DRAFT
char_u6240,image,images/characters/char_u6240_main_v1.webp,true,DRAFT
char_u6240,character_audio,audio/characters/char_u6240_v1.mp3,true,DRAFT
char_u6240,meaning_audio,audio/meanings/meaning_char_u6240_v1.mp3,true,DRAFT
char_u6240,word_audio_1,audio/words/char_u6240_1_v1.mp3,true,DRAFT
char_u6240,word_audio_2,audio/words/char_u6240_2_v1.mp3,true,DRAFT
char_u6240,sentence_audio,audio/sentences/char_u6240_v1.mp3,true,DRAFT
char_u95f4,image,images/characters/char_u95f4_main_v1.webp,true,DRAFT
char_u95f4,character_audio,audio/characters/char_u95f4_v1.mp3,true,DRAFT
char_u95f4,meaning_audio,audio/meanings/meaning_char_u95f4_v1.mp3,true,DRAFT
char_u95f4,word_audio_1,audio/words/char_u95f4_1_v1.mp3,true,DRAFT
char_u95f4,word_audio_2,audio/words/char_u95f4_2_v1.mp3,true,DRAFT
char_u95f4,sentence_audio,audio/sentences/char_u95f4_v1.mp3,true,DRAFT
char_u57ce,image,images/characters/char_u57ce_main_v1.webp,true,DRAFT
char_u57ce,character_audio,audio/characters/char_u57ce_v1.mp3,true,DRAFT
char_u57ce,meaning_audio,audio/meanings/meaning_char_u57ce_v1.mp3,true,DRAFT
char_u57ce,word_audio_1,audio/words/char_u57ce_1_v1.mp3,true,DRAFT
char_u57ce,word_audio_2,audio/words/char_u57ce_2_v1.mp3,true,DRAFT
char_u57ce,sentence_audio,audio/sentences/char_u57ce_v1.mp3,true,DRAFT
char_u5e02,image,images/characters/char_u5e02_main_v1.webp,true,DRAFT
char_u5e02,character_audio,audio/characters/char_u5e02_v1.mp3,true,DRAFT
char_u5e02,meaning_audio,audio/meanings/meaning_char_u5e02_v1.mp3,true,DRAFT
char_u5e02,word_audio_1,audio/words/char_u5e02_1_v1.mp3,true,DRAFT
char_u5e02,word_audio_2,audio/words/char_u5e02_2_v1.mp3,true,DRAFT
char_u5e02,sentence_audio,audio/sentences/char_u5e02_v1.mp3,true,DRAFT
char_u4e61,image,images/characters/char_u4e61_main_v1.webp,true,DRAFT
char_u4e61,character_audio,audio/characters/char_u4e61_v1.mp3,true,DRAFT
char_u4e61,meaning_audio,audio/meanings/meaning_char_u4e61_v1.mp3,true,DRAFT
char_u4e61,word_audio_1,audio/words/char_u4e61_1_v1.mp3,true,DRAFT
char_u4e61,word_audio_2,audio/words/char_u4e61_2_v1.mp3,true,DRAFT
char_u4e61,sentence_audio,audio/sentences/char_u4e61_v1.mp3,true,DRAFT
char_u6751,image,images/characters/char_u6751_main_v1.webp,true,DRAFT
char_u6751,character_audio,audio/characters/char_u6751_v1.mp3,true,DRAFT
char_u6751,meaning_audio,audio/meanings/meaning_char_u6751_v1.mp3,true,DRAFT
char_u6751,word_audio_1,audio/words/char_u6751_1_v1.mp3,true,DRAFT
char_u6751,word_audio_2,audio/words/char_u6751_2_v1.mp3,true,DRAFT
char_u6751,sentence_audio,audio/sentences/char_u6751_v1.mp3,true,DRAFT
char_u56fd,image,images/characters/char_u56fd_main_v1.webp,true,DRAFT
char_u56fd,character_audio,audio/characters/char_u56fd_v1.mp3,true,DRAFT
char_u56fd,meaning_audio,audio/meanings/meaning_char_u56fd_v1.mp3,true,DRAFT
char_u56fd,word_audio_1,audio/words/char_u56fd_1_v1.mp3,true,DRAFT
char_u56fd,word_audio_2,audio/words/char_u56fd_2_v1.mp3,true,DRAFT
char_u56fd,sentence_audio,audio/sentences/char_u56fd_v1.mp3,true,DRAFT
char_u4e16,image,images/characters/char_u4e16_main_v1.webp,true,DRAFT
char_u4e16,character_audio,audio/characters/char_u4e16_v1.mp3,true,DRAFT
char_u4e16,meaning_audio,audio/meanings/meaning_char_u4e16_v1.mp3,true,DRAFT
char_u4e16,word_audio_1,audio/words/char_u4e16_1_v1.mp3,true,DRAFT
char_u4e16,word_audio_2,audio/words/char_u4e16_2_v1.mp3,true,DRAFT
char_u4e16,sentence_audio,audio/sentences/char_u4e16_v1.mp3,true,DRAFT
char_u754c,image,images/characters/char_u754c_main_v1.webp,true,DRAFT
char_u754c,character_audio,audio/characters/char_u754c_v1.mp3,true,DRAFT
char_u754c,meaning_audio,audio/meanings/meaning_char_u754c_v1.mp3,true,DRAFT
char_u754c,word_audio_1,audio/words/char_u754c_1_v1.mp3,true,DRAFT
char_u754c,word_audio_2,audio/words/char_u754c_2_v1.mp3,true,DRAFT
char_u754c,sentence_audio,audio/sentences/char_u754c_v1.mp3,true,DRAFT
char_u6cb3,image,images/characters/char_u6cb3_main_v1.webp,true,DRAFT
char_u6cb3,character_audio,audio/characters/char_u6cb3_v1.mp3,true,DRAFT
char_u6cb3,meaning_audio,audio/meanings/meaning_char_u6cb3_v1.mp3,true,DRAFT
char_u6cb3,word_audio_1,audio/words/char_u6cb3_1_v1.mp3,true,DRAFT
char_u6cb3,word_audio_2,audio/words/char_u6cb3_2_v1.mp3,true,DRAFT
char_u6cb3,sentence_audio,audio/sentences/char_u6cb3_v1.mp3,true,DRAFT
char_u6d77,image,images/characters/char_u6d77_main_v1.webp,true,DRAFT
char_u6d77,character_audio,audio/characters/char_u6d77_v1.mp3,true,DRAFT
char_u6d77,meaning_audio,audio/meanings/meaning_char_u6d77_v1.mp3,true,DRAFT
char_u6d77,word_audio_1,audio/words/char_u6d77_1_v1.mp3,true,DRAFT
char_u6d77,word_audio_2,audio/words/char_u6d77_2_v1.mp3,true,DRAFT
char_u6d77,sentence_audio,audio/sentences/char_u6d77_v1.mp3,true,DRAFT
char_u6e56,image,images/characters/char_u6e56_main_v1.webp,true,DRAFT
char_u6e56,character_audio,audio/characters/char_u6e56_v1.mp3,true,DRAFT
char_u6e56,meaning_audio,audio/meanings/meaning_char_u6e56_v1.mp3,true,DRAFT
char_u6e56,word_audio_1,audio/words/char_u6e56_1_v1.mp3,true,DRAFT
char_u6e56,word_audio_2,audio/words/char_u6e56_2_v1.mp3,true,DRAFT
char_u6e56,sentence_audio,audio/sentences/char_u6e56_v1.mp3,true,DRAFT
char_u6c5f,image,images/characters/char_u6c5f_main_v1.webp,true,DRAFT
char_u6c5f,character_audio,audio/characters/char_u6c5f_v1.mp3,true,DRAFT
char_u6c5f,meaning_audio,audio/meanings/meaning_char_u6c5f_v1.mp3,true,DRAFT
char_u6c5f,word_audio_1,audio/words/char_u6c5f_1_v1.mp3,true,DRAFT
char_u6c5f,word_audio_2,audio/words/char_u6c5f_2_v1.mp3,true,DRAFT
char_u6c5f,sentence_audio,audio/sentences/char_u6c5f_v1.mp3,true,DRAFT
char_u5c9b,image,images/characters/char_u5c9b_main_v1.webp,true,DRAFT
char_u5c9b,character_audio,audio/characters/char_u5c9b_v1.mp3,true,DRAFT
char_u5c9b,meaning_audio,audio/meanings/meaning_char_u5c9b_v1.mp3,true,DRAFT
char_u5c9b,word_audio_1,audio/words/char_u5c9b_1_v1.mp3,true,DRAFT
char_u5c9b,word_audio_2,audio/words/char_u5c9b_2_v1.mp3,true,DRAFT
char_u5c9b,sentence_audio,audio/sentences/char_u5c9b_v1.mp3,true,DRAFT
char_u9986,image,images/characters/char_u9986_main_v1.webp,true,DRAFT
char_u9986,character_audio,audio/characters/char_u9986_v1.mp3,true,DRAFT
char_u9986,meaning_audio,audio/meanings/meaning_char_u9986_v1.mp3,true,DRAFT
char_u9986,word_audio_1,audio/words/char_u9986_1_v1.mp3,true,DRAFT
char_u9986,word_audio_2,audio/words/char_u9986_2_v1.mp3,true,DRAFT
char_u9986,sentence_audio,audio/sentences/char_u9986_v1.mp3,true,DRAFT
char_u697c,image,images/characters/char_u697c_main_v1.webp,true,DRAFT
char_u697c,character_audio,audio/characters/char_u697c_v1.mp3,true,DRAFT
char_u697c,meaning_audio,audio/meanings/meaning_char_u697c_v1.mp3,true,DRAFT
char_u697c,word_audio_1,audio/words/char_u697c_1_v1.mp3,true,DRAFT
char_u697c,word_audio_2,audio/words/char_u697c_2_v1.mp3,true,DRAFT
char_u697c,sentence_audio,audio/sentences/char_u697c_v1.mp3,true,DRAFT
char_u53f0,image,images/characters/char_u53f0_main_v1.webp,true,DRAFT
char_u53f0,character_audio,audio/characters/char_u53f0_v1.mp3,true,DRAFT
char_u53f0,meaning_audio,audio/meanings/meaning_char_u53f0_v1.mp3,true,DRAFT
char_u53f0,word_audio_1,audio/words/char_u53f0_1_v1.mp3,true,DRAFT
char_u53f0,word_audio_2,audio/words/char_u53f0_2_v1.mp3,true,DRAFT
char_u53f0,sentence_audio,audio/sentences/char_u53f0_v1.mp3,true,DRAFT
char_u9876,image,images/characters/char_u9876_main_v1.webp,true,DRAFT
char_u9876,character_audio,audio/characters/char_u9876_v1.mp3,true,DRAFT
char_u9876,meaning_audio,audio/meanings/meaning_char_u9876_v1.mp3,true,DRAFT
char_u9876,word_audio_1,audio/words/char_u9876_1_v1.mp3,true,DRAFT
char_u9876,word_audio_2,audio/words/char_u9876_2_v1.mp3,true,DRAFT
char_u9876,sentence_audio,audio/sentences/char_u9876_v1.mp3,true,DRAFT
char_u89d2,image,images/characters/char_u89d2_main_v1.webp,true,DRAFT
char_u89d2,character_audio,audio/characters/char_u89d2_v1.mp3,true,DRAFT
char_u89d2,meaning_audio,audio/meanings/meaning_char_u89d2_v1.mp3,true,DRAFT
char_u89d2,word_audio_1,audio/words/char_u89d2_1_v1.mp3,true,DRAFT
char_u89d2,word_audio_2,audio/words/char_u89d2_2_v1.mp3,true,DRAFT
char_u89d2,sentence_audio,audio/sentences/char_u89d2_v1.mp3,true,DRAFT
char_u7ebf,image,images/characters/char_u7ebf_main_v1.webp,true,DRAFT
char_u7ebf,character_audio,audio/characters/char_u7ebf_v1.mp3,true,DRAFT
char_u7ebf,meaning_audio,audio/meanings/meaning_char_u7ebf_v1.mp3,true,DRAFT
char_u7ebf,word_audio_1,audio/words/char_u7ebf_1_v1.mp3,true,DRAFT
char_u7ebf,word_audio_2,audio/words/char_u7ebf_2_v1.mp3,true,DRAFT
char_u7ebf,sentence_audio,audio/sentences/char_u7ebf_v1.mp3,true,DRAFT
char_u9762,image,images/characters/char_u9762_main_v1.webp,true,DRAFT
char_u9762,character_audio,audio/characters/char_u9762_v1.mp3,true,DRAFT
char_u9762,meaning_audio,audio/meanings/meaning_char_u9762_v1.mp3,true,DRAFT
char_u9762,word_audio_1,audio/words/char_u9762_1_v1.mp3,true,DRAFT
char_u9762,word_audio_2,audio/words/char_u9762_2_v1.mp3,true,DRAFT
char_u9762,sentence_audio,audio/sentences/char_u9762_v1.mp3,true,DRAFT
char_u8c46,image,images/characters/char_u8c46_main_v1.webp,true,DRAFT
char_u8c46,character_audio,audio/characters/char_u8c46_v1.mp3,true,DRAFT
char_u8c46,meaning_audio,audio/meanings/meaning_char_u8c46_v1.mp3,true,DRAFT
char_u8c46,word_audio_1,audio/words/char_u8c46_1_v1.mp3,true,DRAFT
char_u8c46,word_audio_2,audio/words/char_u8c46_2_v1.mp3,true,DRAFT
char_u8c46,sentence_audio,audio/sentences/char_u8c46_v1.mp3,true,DRAFT
char_u74dc,image,images/characters/char_u74dc_main_v1.webp,true,DRAFT
char_u74dc,character_audio,audio/characters/char_u74dc_v1.mp3,true,DRAFT
char_u74dc,meaning_audio,audio/meanings/meaning_char_u74dc_v1.mp3,true,DRAFT
char_u74dc,word_audio_1,audio/words/char_u74dc_1_v1.mp3,true,DRAFT
char_u74dc,word_audio_2,audio/words/char_u74dc_2_v1.mp3,true,DRAFT
char_u74dc,sentence_audio,audio/sentences/char_u74dc_v1.mp3,true,DRAFT
char_u76d0,image,images/characters/char_u76d0_main_v1.webp,true,DRAFT
char_u76d0,character_audio,audio/characters/char_u76d0_v1.mp3,true,DRAFT
char_u76d0,meaning_audio,audio/meanings/meaning_char_u76d0_v1.mp3,true,DRAFT
char_u76d0,word_audio_1,audio/words/char_u76d0_1_v1.mp3,true,DRAFT
char_u76d0,word_audio_2,audio/words/char_u76d0_2_v1.mp3,true,DRAFT
char_u76d0,sentence_audio,audio/sentences/char_u76d0_v1.mp3,true,DRAFT
char_u7cd6,image,images/characters/char_u7cd6_main_v1.webp,true,DRAFT
char_u7cd6,character_audio,audio/characters/char_u7cd6_v1.mp3,true,DRAFT
char_u7cd6,meaning_audio,audio/meanings/meaning_char_u7cd6_v1.mp3,true,DRAFT
char_u7cd6,word_audio_1,audio/words/char_u7cd6_1_v1.mp3,true,DRAFT
char_u7cd6,word_audio_2,audio/words/char_u7cd6_2_v1.mp3,true,DRAFT
char_u7cd6,sentence_audio,audio/sentences/char_u7cd6_v1.mp3,true,DRAFT
char_u6cb9,image,images/characters/char_u6cb9_main_v1.webp,true,DRAFT
char_u6cb9,character_audio,audio/characters/char_u6cb9_v1.mp3,true,DRAFT
char_u6cb9,meaning_audio,audio/meanings/meaning_char_u6cb9_v1.mp3,true,DRAFT
char_u6cb9,word_audio_1,audio/words/char_u6cb9_1_v1.mp3,true,DRAFT
char_u6cb9,word_audio_2,audio/words/char_u6cb9_2_v1.mp3,true,DRAFT
char_u6cb9,sentence_audio,audio/sentences/char_u6cb9_v1.mp3,true,DRAFT
char_u6c64,image,images/characters/char_u6c64_main_v1.webp,true,DRAFT
char_u6c64,character_audio,audio/characters/char_u6c64_v1.mp3,true,DRAFT
char_u6c64,meaning_audio,audio/meanings/meaning_char_u6c64_v1.mp3,true,DRAFT
char_u6c64,word_audio_1,audio/words/char_u6c64_1_v1.mp3,true,DRAFT
char_u6c64,word_audio_2,audio/words/char_u6c64_2_v1.mp3,true,DRAFT
char_u6c64,sentence_audio,audio/sentences/char_u6c64_v1.mp3,true,DRAFT
char_u7ca5,image,images/characters/char_u7ca5_main_v1.webp,true,DRAFT
char_u7ca5,character_audio,audio/characters/char_u7ca5_v1.mp3,true,DRAFT
char_u7ca5,meaning_audio,audio/meanings/meaning_char_u7ca5_v1.mp3,true,DRAFT
char_u7ca5,word_audio_1,audio/words/char_u7ca5_1_v1.mp3,true,DRAFT
char_u7ca5,word_audio_2,audio/words/char_u7ca5_2_v1.mp3,true,DRAFT
char_u7ca5,sentence_audio,audio/sentences/char_u7ca5_v1.mp3,true,DRAFT
char_u997c,image,images/characters/char_u997c_main_v1.webp,true,DRAFT
char_u997c,character_audio,audio/characters/char_u997c_v1.mp3,true,DRAFT
char_u997c,meaning_audio,audio/meanings/meaning_char_u997c_v1.mp3,true,DRAFT
char_u997c,word_audio_1,audio/words/char_u997c_1_v1.mp3,true,DRAFT
char_u997c,word_audio_2,audio/words/char_u997c_2_v1.mp3,true,DRAFT
char_u997c,sentence_audio,audio/sentences/char_u997c_v1.mp3,true,DRAFT
char_u6843,image,images/characters/char_u6843_main_v1.webp,true,DRAFT
char_u6843,character_audio,audio/characters/char_u6843_v1.mp3,true,DRAFT
char_u6843,meaning_audio,audio/meanings/meaning_char_u6843_v1.mp3,true,DRAFT
char_u6843,word_audio_1,audio/words/char_u6843_1_v1.mp3,true,DRAFT
char_u6843,word_audio_2,audio/words/char_u6843_2_v1.mp3,true,DRAFT
char_u6843,sentence_audio,audio/sentences/char_u6843_v1.mp3,true,DRAFT
char_u68a8,image,images/characters/char_u68a8_main_v1.webp,true,DRAFT
char_u68a8,character_audio,audio/characters/char_u68a8_v1.mp3,true,DRAFT
char_u68a8,meaning_audio,audio/meanings/meaning_char_u68a8_v1.mp3,true,DRAFT
char_u68a8,word_audio_1,audio/words/char_u68a8_1_v1.mp3,true,DRAFT
char_u68a8,word_audio_2,audio/words/char_u68a8_2_v1.mp3,true,DRAFT
char_u68a8,sentence_audio,audio/sentences/char_u68a8_v1.mp3,true,DRAFT
char_u8549,image,images/characters/char_u8549_main_v1.webp,true,DRAFT
char_u8549,character_audio,audio/characters/char_u8549_v1.mp3,true,DRAFT
char_u8549,meaning_audio,audio/meanings/meaning_char_u8549_v1.mp3,true,DRAFT
char_u8549,word_audio_1,audio/words/char_u8549_1_v1.mp3,true,DRAFT
char_u8549,word_audio_2,audio/words/char_u8549_2_v1.mp3,true,DRAFT
char_u8549,sentence_audio,audio/sentences/char_u8549_v1.mp3,true,DRAFT
char_u82bd,image,images/characters/char_u82bd_main_v1.webp,true,DRAFT
char_u82bd,character_audio,audio/characters/char_u82bd_v1.mp3,true,DRAFT
char_u82bd,meaning_audio,audio/meanings/meaning_char_u82bd_v1.mp3,true,DRAFT
char_u82bd,word_audio_1,audio/words/char_u82bd_1_v1.mp3,true,DRAFT
char_u82bd,word_audio_2,audio/words/char_u82bd_2_v1.mp3,true,DRAFT
char_u82bd,sentence_audio,audio/sentences/char_u82bd_v1.mp3,true,DRAFT
char_u82d7,image,images/characters/char_u82d7_main_v1.webp,true,DRAFT
char_u82d7,character_audio,audio/characters/char_u82d7_v1.mp3,true,DRAFT
char_u82d7,meaning_audio,audio/meanings/meaning_char_u82d7_v1.mp3,true,DRAFT
char_u82d7,word_audio_1,audio/words/char_u82d7_1_v1.mp3,true,DRAFT
char_u82d7,word_audio_2,audio/words/char_u82d7_2_v1.mp3,true,DRAFT
char_u82d7,sentence_audio,audio/sentences/char_u82d7_v1.mp3,true,DRAFT
char_u53f6,image,images/characters/char_u53f6_main_v1.webp,true,DRAFT
char_u53f6,character_audio,audio/characters/char_u53f6_v1.mp3,true,DRAFT
char_u53f6,meaning_audio,audio/meanings/meaning_char_u53f6_v1.mp3,true,DRAFT
char_u53f6,word_audio_1,audio/words/char_u53f6_1_v1.mp3,true,DRAFT
char_u53f6,word_audio_2,audio/words/char_u53f6_2_v1.mp3,true,DRAFT
char_u53f6,sentence_audio,audio/sentences/char_u53f6_v1.mp3,true,DRAFT
char_u679d,image,images/characters/char_u679d_main_v1.webp,true,DRAFT
char_u679d,character_audio,audio/characters/char_u679d_v1.mp3,true,DRAFT
char_u679d,meaning_audio,audio/meanings/meaning_char_u679d_v1.mp3,true,DRAFT
char_u679d,word_audio_1,audio/words/char_u679d_1_v1.mp3,true,DRAFT
char_u679d,word_audio_2,audio/words/char_u679d_2_v1.mp3,true,DRAFT
char_u679d,sentence_audio,audio/sentences/char_u679d_v1.mp3,true,DRAFT
char_u6839,image,images/characters/char_u6839_main_v1.webp,true,DRAFT
char_u6839,character_audio,audio/characters/char_u6839_v1.mp3,true,DRAFT
char_u6839,meaning_audio,audio/meanings/meaning_char_u6839_v1.mp3,true,DRAFT
char_u6839,word_audio_1,audio/words/char_u6839_1_v1.mp3,true,DRAFT
char_u6839,word_audio_2,audio/words/char_u6839_2_v1.mp3,true,DRAFT
char_u6839,sentence_audio,audio/sentences/char_u6839_v1.mp3,true,DRAFT
char_u7cd5,image,images/characters/char_u7cd5_main_v1.webp,true,DRAFT
char_u7cd5,character_audio,audio/characters/char_u7cd5_v1.mp3,true,DRAFT
char_u7cd5,meaning_audio,audio/meanings/meaning_char_u7cd5_v1.mp3,true,DRAFT
char_u7cd5,word_audio_1,audio/words/char_u7cd5_1_v1.mp3,true,DRAFT
char_u7cd5,word_audio_2,audio/words/char_u7cd5_2_v1.mp3,true,DRAFT
char_u7cd5,sentence_audio,audio/sentences/char_u7cd5_v1.mp3,true,DRAFT
char_u7c89,image,images/characters/char_u7c89_main_v1.webp,true,DRAFT
char_u7c89,character_audio,audio/characters/char_u7c89_v1.mp3,true,DRAFT
char_u7c89,meaning_audio,audio/meanings/meaning_char_u7c89_v1.mp3,true,DRAFT
char_u7c89,word_audio_1,audio/words/char_u7c89_1_v1.mp3,true,DRAFT
char_u7c89,word_audio_2,audio/words/char_u7c89_2_v1.mp3,true,DRAFT
char_u7c89,sentence_audio,audio/sentences/char_u7c89_v1.mp3,true,DRAFT
char_u4e38,image,images/characters/char_u4e38_main_v1.webp,true,DRAFT
char_u4e38,character_audio,audio/characters/char_u4e38_v1.mp3,true,DRAFT
char_u4e38,meaning_audio,audio/meanings/meaning_char_u4e38_v1.mp3,true,DRAFT
char_u4e38,word_audio_1,audio/words/char_u4e38_1_v1.mp3,true,DRAFT
char_u4e38,word_audio_2,audio/words/char_u4e38_2_v1.mp3,true,DRAFT
char_u4e38,sentence_audio,audio/sentences/char_u4e38_v1.mp3,true,DRAFT
char_u88e4,image,images/characters/char_u88e4_main_v1.webp,true,DRAFT
char_u88e4,character_audio,audio/characters/char_u88e4_v1.mp3,true,DRAFT
char_u88e4,meaning_audio,audio/meanings/meaning_char_u88e4_v1.mp3,true,DRAFT
char_u88e4,word_audio_1,audio/words/char_u88e4_1_v1.mp3,true,DRAFT
char_u88e4,word_audio_2,audio/words/char_u88e4_2_v1.mp3,true,DRAFT
char_u88e4,sentence_audio,audio/sentences/char_u88e4_v1.mp3,true,DRAFT
